Saison,Nr.,Player,Einsatzminuten,Einsätze,Tore,Torvorlagen,Schüsse,Schüsse aufs Tor,Begangene Fouls,Rote Karten,Gelbe Karten,Erfolgreiche Tacklings,Gefoult worden,Gewonnene Zweikämpfe,Gewonnene Luftzweikämpfe,Erfolgreiche Pässe,Erfolgreiche Flanken,Abgefangene Bälle,Abseits,Spiele zu Null,Paraden
2024/2025,1,K. Letica,2160,24,-,-,-,-,-,-,2,-,5,11,7,291,-,-,-,7,73
2024/2025,2,Y. Brecher,2160,24,-,-,-,-,-,-,-,-,2,4,2,612,-,-,-,8,71
2024/2025,3,L. Zigi,2160,24,-,-,-,-,-,-,-,1,11,17,8,520,-,-,-,4,77
2024/2025,4,J. Hammel,2160,24,-,-,1,-,-,-,2,1,2,7,2,576,-,-,-,4,87
2024/2025,5,P. Bernardoni,2160,24,-,-,2,-,-,-,2,-,6,20,13,383,-,-,-,7,101
2024/2025,6,P. Dorn,2115,24,2,4,31,5,31,-,4,25,27,108,18,527,3,21,5,7,-
2024/2025,7,P. Loretz,2115,24,-,-,-,-,-,-,2,-,5,7,4,621,-,-,-,7,62
2024/2025,8,A. Seko,2114,24,-,-,10,1,21,-,3,15,13,83,44,827,1,34,1,4,-
2024/2025,9,N. Lavanchy,2070,23,1,1,4,4,36,-,4,30,24,107,22,575,17,36,1,4,-
2024/2025,10,A. Saipi,2070,23,-,-,-,-,1,-,2,-,-,5,5,787,-,-,-,4,72
2024/2025,11,Christian Marques,2064,23,-,-,4,-,17,-,5,22,15,90,31,786,-,24,2,7,-
2024/2025,12,K. Tsunemoto,2055,23,1,2,19,5,22,-,3,42,45,145,25,784,20,48,-,4,-
2024/2025,13,N. Dussenne,2037,23,5,1,21,10,24,-,7,21,26,152,92,964,1,46,1,6,-
2024/2025,14,A. Sanches,2037,24,10,4,70,26,35,-,3,34,53,179,17,606,7,15,3,4,-
2024/2025,15,M. Hitz,2025,23,-,-,-,-,-,-,-,-,-,4,3,520,-,-,-,6,83
2024/2025,16,A. Kabacalman,2017,24,2,1,13,4,9,-,3,29,9,72,7,1248,5,23,-,2,-
2024/2025,17,A. Barišić,2013,23,1,-,10,3,15,-,4,37,12,123,53,1076,3,30,-,5,-
2024/2025,18,M. Gómez,1991,23,1,1,21,3,27,-,5,14,10,81,47,856,2,35,-,7,-
2024/2025,19,T. Fayulu,1979,22,-,1,-,-,1,1,3,-,2,17,16,460,-,-,-,4,64
2024/2025,20,D. Schmid,1938,23,3,5,34,10,24,-,5,9,32,96,35,788,27,44,1,5,-
2024/2025,21,M. Stevanović,1927,24,7,7,43,15,11,-,3,26,17,138,71,531,29,11,12,2,-
2024/2025,22,W. Le Pogam,1916,22,1,-,7,2,23,-,3,19,17,83,28,519,12,25,5,7,-
2024/2025,23,A. Cigaņiks,1897,22,1,3,15,3,28,1,6,39,10,102,18,720,27,24,4,7,-
2024/2025,24,L. Avdullahu,1892,22,1,-,9,3,34,1,6,32,9,97,18,1003,3,22,-,2,-
2024/2025,25,M. Poaty,1889,23,1,1,8,1,15,-,-,22,34,118,36,674,14,22,-,4,-
2024/2025,26,A. Stanković,1872,24,1,2,23,6,9,-,3,17,19,93,37,822,27,39,1,4,-
2024/2025,27,M. Di Giusto,1852,24,6,1,49,18,4,-,-,18,29,78,1,567,12,11,3,2,-
2024/2025,28,I. Chouaref,1830,24,5,2,52,16,23,-,3,22,36,150,26,368,24,10,12,-,-
2024/2025,29,T. Cognat,1809,21,2,3,38,12,21,1,4,28,13,98,10,873,54,22,2,3,-
2024/2025,30,D. Kutesa,1800,24,13,1,82,39,15,-,2,14,29,117,13,280,9,6,6,-,-
2024/2025,31,S. Rouiller,1789,21,5,-,23,8,16,1,4,22,17,138,79,840,-,34,-,5,-
2024/2025,32,C. Okoroji,1778,21,-,1,11,2,17,-,6,31,16,85,15,651,10,31,1,3,-
2024/2025,33,J. Roche,1765,22,-,1,24,7,19,-,1,26,15,94,26,610,1,28,-,6,-
2024/2025,34,F. Ugrinic,1765,22,3,1,44,12,16,-,5,22,22,93,11,871,22,22,1,1,-
2024/2025,35,S. Kapino,1755,20,-,-,-,-,2,-,3,-,-,3,2,444,-,-,-,4,92
2024/2025,36,T. Okou,1750,24,4,4,42,20,27,-,4,28,32,125,13,320,5,5,-,3,-
2024/2025,37,M. Chouiar,1715,23,3,4,36,11,32,-,6,16,26,119,20,543,42,10,1,3,-
2024/2025,38,C. Witzig,1715,24,5,7,35,12,22,-,3,22,24,91,13,368,8,15,7,1,-
2024/2025,39,R. Arnold,1705,22,1,1,13,3,14,1,3,26,11,106,44,682,1,24,1,4,-
2024/2025,40,L. Jaquez,1692,19,3,-,17,6,17,-,1,15,6,68,40,667,-,22,-,5,-
2024/2025,41,M. Aké,1676,21,3,2,31,18,17,-,3,15,31,95,12,324,12,12,2,3,-
2024/2025,42,H. Komano,1669,23,3,-,24,6,34,-,3,8,39,134,73,241,3,3,4,2,-
2024/2025,43,F. Diabaté,1660,23,4,5,34,14,8,-,2,14,9,62,9,552,30,14,3,4,-
2024/2025,44,J. Adjetey,1654,20,-,-,7,-,14,-,1,32,3,97,41,1028,-,20,-,5,-
2024/2025,45,S. Knezevic,1651,20,-,-,5,1,19,-,8,18,29,106,47,719,1,29,3,4,-
2024/2025,46,A. Abrashi,1621,20,-,-,7,1,34,-,8,30,32,114,26,629,4,15,1,1,-
2024/2025,47,J. Schmied,1606,18,3,-,8,5,10,-,3,26,15,66,14,610,1,28,2,4,-
2024/2025,48,G. Morandi,1584,18,4,3,31,16,14,-,6,9,20,82,30,400,28,4,-,1,-
2024/2025,49,N. Persson,1576,22,1,-,13,3,22,-,-,14,8,82,38,372,16,21,1,3,-
2024/2025,50,N. Katić,1575,18,2,2,20,4,16,-,2,21,12,102,59,706,3,28,-,5,-
2024/2025,51,N. Hefti,1574,21,-,-,10,2,25,-,3,27,19,103,13,501,8,14,2,3,-
2024/2025,52,J. Perea,1572,20,7,1,45,19,37,2,5,5,38,92,31,134,1,-,23,2,-
2024/2025,53,J. Monteiro,1545,22,7,2,34,18,30,1,-,21,20,120,23,337,5,10,-,-,-
2024/2025,54,B. Céspedes,1541,20,6,1,21,8,34,-,8,19,21,92,17,620,4,21,1,4,-
2024/2025,55,K. Sow,1534,19,1,-,11,4,17,1,6,23,10,116,70,542,-,19,3,6,-
2024/2025,56,A. Grgic,1534,23,5,2,17,7,11,-,4,12,8,40,8,1022,20,22,-,3,-
2024/2025,57,X. Shaqiri,1534,20,8,11,43,19,17,-,1,1,32,51,2,689,43,3,7,-,-
2024/2025,58,T. Berdayes,1533,24,3,5,24,11,8,-,1,17,9,84,26,269,2,4,1,1,-
2024/2025,59,T. Klidje,1531,24,8,3,71,26,8,-,-,6,24,101,51,173,1,4,16,-,-
2024/2025,60,Baltazar Costa,1530,17,-,-,19,8,10,-,2,22,28,88,23,603,1,27,-,3,-
2024/2025,61,B. Toma,1530,23,1,6,25,7,16,-,4,15,13,57,6,513,23,9,1,3,-
2024/2025,62,A. Hajdari,1530,18,1,-,12,2,24,-,7,21,23,91,31,972,1,22,-,3,-
2024/2025,63,D. von Ballmoos,1530,17,-,-,-,-,-,-,1,-,1,2,1,311,-,-,-,1,58
2024/2025,64,B. Mazikou,1527,18,-,2,9,1,11,-,5,23,24,106,28,564,9,33,-,3,-
2024/2025,65,L. Leroy,1520,23,1,2,34,9,32,-,6,22,20,107,20,669,4,15,-,1,-
2024/2025,66,Y. Severin,1512,20,-,-,11,2,8,-,1,14,8,61,29,462,3,26,-,4,-
2024/2025,67,H. Vandermersch,1511,18,-,-,15,4,23,1,2,31,23,88,11,458,8,25,-,2,-
2024/2025,68,M. Paskotši,1506,18,-,-,12,4,19,-,3,12,1,60,38,505,-,22,-,2,-
2024/2025,69,Kevin Carlos,1480,22,10,-,73,26,33,-,3,3,27,99,57,175,3,1,11,1,-
2024/2025,70,A. Papadopoulos,1479,19,1,-,17,3,26,-,7,25,16,96,34,980,2,21,4,3,-
2024/2025,71,F. Frei,1473,23,1,1,15,6,11,-,4,20,5,44,11,734,16,9,1,2,-
2024/2025,72,T. Ndenge,1470,19,3,1,19,9,21,-,4,15,27,89,18,631,1,26,-,3,-
2024/2025,73,U. Bislimi,1467,20,1,1,29,8,19,-,6,20,24,74,4,928,3,11,2,2,-
2024/2025,74,A. Kade,1466,22,3,2,29,11,24,-,4,40,24,130,23,405,5,13,5,3,-
2024/2025,75,M. Kryeziu,1458,17,1,1,20,5,18,1,3,15,6,72,42,755,2,28,2,5,-
2024/2025,76,S. Sidler,1456,19,-,-,17,2,21,-,2,17,8,56,9,423,5,14,2,4,-
2024/2025,77,B. Krasniqi,1450,20,3,4,20,4,18,-,1,13,13,58,1,622,18,11,1,1,-
2024/2025,78,J. Hadjam,1442,21,-,1,22,2,18,1,4,22,27,134,24,638,10,36,-,2,-
2024/2025,79,G. Lekaj,1436,17,1,-,7,1,8,1,2,13,4,54,27,613,-,19,-,3,-
2024/2025,80,B. Traoré,1434,22,6,5,41,20,25,1,3,14,31,107,9,302,5,8,8,1,-
2024/2025,81,R. Giger,1400,19,-,-,2,-,19,-,5,34,16,102,31,495,13,26,-,4,-
2024/2025,82,L. Görtler,1391,20,5,4,31,16,30,-,7,29,26,107,29,560,4,25,-,-,-
2024/2025,83,A. Sauthier,1390,21,-,2,8,1,13,1,3,21,22,82,18,412,9,19,-,5,-
2024/2025,84,Jordi Quintillà,1389,18,-,2,12,1,25,-,5,15,17,65,23,742,5,12,-,4,-
2024/2025,85,J. Mendes,1385,17,1,1,8,2,16,-,4,17,11,58,14,571,18,13,3,3,-
2024/2025,86,L. Villiger,1375,24,6,4,31,14,26,-,-,9,24,70,28,176,2,5,6,-,-
2024/2025,87,L. Blum,1374,19,-,3,17,-,29,-,3,29,18,90,24,383,18,33,-,1,-
2024/2025,88,D. Rrudhani,1352,20,5,3,41,15,17,-,5,15,21,69,13,348,40,6,1,1,-
2024/2025,89,E. Crivelli,1323,22,5,2,29,14,20,-,4,3,16,97,67,241,1,2,4,-,-
2024/2025,90,T. Bouchlarhem,1319,22,1,1,38,6,29,1,2,29,36,113,19,255,5,9,7,-,-
2024/2025,91,L. Benito,1301,15,-,1,13,4,14,-,1,11,-,44,27,863,3,16,-,3,-
2024/2025,92,M. Tijani,1291,16,-,-,6,1,16,1,4,6,14,61,36,473,-,14,-,5,-
2024/2025,93,T. Schättin,1284,19,-,1,3,-,16,1,2,12,28,78,34,405,5,9,-,2,-
2024/2025,94,O. Doumbia,1276,22,-,1,8,-,8,-,4,14,15,68,18,596,1,16,1,-,-
2024/2025,95,G. Diouf,1274,15,1,-,8,3,10,-,2,18,10,59,10,574,-,8,-,3,-
2024/2025,96,S. Lauper,1262,17,-,1,10,-,10,1,2,15,7,60,25,569,-,21,-,2,-
2024/2025,97,C. Itten,1249,20,4,2,45,13,34,-,4,6,11,88,58,159,1,2,2,-,-
2024/2025,98,M. Łęgowski,1238,16,-,-,7,2,23,-,2,19,14,63,9,319,2,8,-,3,-
2024/2025,99,J. Stanić,1229,15,-,-,4,1,19,1,4,12,9,55,27,619,-,27,-,1,-
2024/2025,100,A. Marchesano,1227,18,6,-,32,12,12,-,3,7,13,36,1,378,5,9,7,2,-
2024/2025,101,G. Ondoua,1224,18,1,-,14,4,16,1,-,15,21,69,23,503,3,10,-,2,-
2024/2025,102,W. Geubbels,1209,18,7,2,41,19,13,1,1,4,8,69,38,175,3,7,18,-,-
2024/2025,103,I. Mathew,1202,21,-,-,20,4,12,-,-,19,12,61,14,595,1,13,-,5,-
2024/2025,104,B. Schmitz,1201,15,-,2,1,-,9,-,3,20,11,68,17,351,6,24,-,2,-
2024/2025,105,A. Vallci,1198,15,2,-,6,2,12,-,3,15,7,63,33,735,1,17,-,2,-
2024/2025,106,M. Stevanović,1191,18,-,-,14,2,17,-,2,21,14,57,8,408,-,23,-,-,-
2024/2025,107,L. Zuffi,1189,16,-,-,4,1,5,-,1,8,5,29,6,501,9,10,-,3,-
2024/2025,108,Martim Marques,1186,16,-,-,5,2,17,-,1,21,12,76,17,449,7,12,1,2,-
2024/2025,109,T. Magnin,1180,21,-,-,10,4,11,-,2,25,21,83,4,389,8,16,-,3,-
2024/2025,110,H. Mahmoud,1180,20,4,-,30,11,26,1,-,24,9,68,12,432,-,5,1,1,-
2024/2025,111,A. Ajdini,1176,23,5,2,33,17,12,-,-,6,14,49,21,153,3,1,-,-,-
2024/2025,112,Mauro Rodrigues,1174,19,1,2,14,5,18,1,2,12,34,89,9,258,3,6,1,1,-
2024/2025,113,L. Mai,1147,19,-,-,2,1,10,-,5,26,8,92,45,730,-,16,1,3,-
2024/2025,114,A. Baroan,1135,21,5,3,31,14,9,1,2,9,23,85,30,201,-,4,5,-,-
2024/2025,115,M. Bottani,1117,21,1,-,27,10,11,-,2,8,13,55,3,349,8,5,2,-,-
2024/2025,116,L. Winkler,1116,18,3,3,10,5,15,-,1,28,22,90,5,235,2,8,1,3,-
2024/2025,117,M. Zanotti,1109,14,-,3,13,7,23,-,4,20,41,90,10,396,8,8,2,1,-
2024/2025,118,C. Ligue,1100,17,-,1,6,-,14,-,2,19,13,62,10,390,3,15,-,2,-
2024/2025,119,K. Mouanga,1088,16,1,-,10,2,11,-,4,20,2,68,33,444,1,29,-,3,-
2024/2025,120,J. Frick,1080,12,-,-,-,-,-,-,-,-,2,12,8,246,-,-,-,4,36
2024/2025,121,J. Mall,1080,12,-,-,-,-,1,-,2,1,1,4,1,235,-,-,-,1,42
2024/2025,122,L. Lüthi,1080,12,-,-,7,2,4,-,1,8,10,46,18,495,-,17,-,4,-
2024/2025,123,Lee Young-Jun,1075,14,2,3,22,4,21,-,3,7,18,93,62,207,1,7,11,-,-
2024/2025,124,T. Owusu,1069,21,1,1,11,4,9,-,2,12,26,66,8,242,-,6,-,1,-
2024/2025,125,R. Steffen,1059,15,7,3,23,12,15,-,4,9,26,54,8,405,18,5,4,2,-
2024/2025,126,B. Stillhart,1057,17,-,1,10,2,21,-,3,14,12,58,14,435,2,14,-,2,-
2024/2025,127,D. Sorgić,1046,22,5,2,22,9,17,-,4,13,7,35,7,128,-,6,4,-,-
2024/2025,128,D. Males,1045,18,4,2,23,10,11,-,2,7,17,42,10,256,12,6,2,-,-
2024/2025,129,Z. Athekame,1018,18,-,1,7,-,16,-,4,20,11,64,15,251,12,15,-,1,-
2024/2025,130,R. Schneider,1017,20,1,1,14,7,18,-,3,18,20,69,4,332,3,11,-,1,-
2024/2025,131,Y. Cimignani,1005,21,3,4,29,10,12,-,3,3,16,60,16,379,11,5,3,-,-
2024/2025,132,Ł. Łakomy,1002,16,-,-,28,11,15,-,3,24,12,59,6,477,23,18,1,2,-
2024/2025,133,C. Conde,994,14,-,1,11,1,9,-,4,25,15,88,17,351,-,18,-,3,-
2024/2025,134,K. Sène,992,22,4,4,23,7,15,-,4,7,25,59,13,114,2,1,6,-,-
2024/2025,135,D. Abels,991,15,-,-,7,3,7,-,1,7,6,32,13,259,7,13,1,1,-
2024/2025,136,M. Baradji,988,14,1,1,21,5,22,-,3,20,16,102,32,278,3,14,3,2,-
2024/2025,137,A. Bernede,987,16,1,1,26,9,10,-,4,17,11,66,7,481,4,13,-,-,-
2024/2025,138,K. Przybyłko,979,16,4,1,21,10,9,-,2,1,9,50,30,214,3,3,10,-,-
2024/2025,139,A. Diaby,977,14,1,-,4,1,16,-,3,14,1,55,27,415,-,18,1,3,-
2024/2025,140,A. Antunes,962,14,2,2,26,10,17,-,2,15,27,90,20,290,2,6,2,-,-
2024/2025,141,K. Csoboth,962,20,1,1,13,2,7,-,3,8,16,40,4,170,3,8,9,-,-
2024/2025,142,L. Mühl,960,11,-,-,3,1,4,-,-,17,1,45,15,420,-,28,-,2,-
2024/2025,143,Daniel Dos Santos,949,21,-,2,25,10,13,-,1,11,8,54,4,314,1,8,4,-,-
2024/2025,144,S. Ottiger,947,20,1,2,10,5,18,-,4,19,10,64,22,261,5,9,-,1,-
2024/2025,145,S. Ambrosius,947,12,-,-,5,-,13,-,2,18,5,62,24,362,-,19,1,1,-
2024/2025,146,S. Ganvoula,922,18,5,-,40,12,14,-,3,4,11,75,49,172,2,1,7,-,-
2024/2025,147,Z. Brault-Guillard,916,13,-,1,3,1,5,-,2,7,5,37,14,337,11,10,1,-,-
2024/2025,148,N. Muci,909,21,5,-,32,18,28,-,1,5,15,74,42,128,3,3,4,-,-
2024/2025,149,A. Virginius,900,18,2,2,20,10,15,-,1,13,9,54,3,177,3,9,5,-,-
2024/2025,150,T. Meyer,894,16,-,1,7,1,12,-,3,23,7,62,7,204,1,16,1,2,-
2024/2025,151,K. Koindredi,889,18,1,2,13,4,15,-,4,13,12,61,15,329,12,14,-,-,-
2024/2025,152,M. Camara,872,10,-,-,5,1,20,1,2,11,5,48,23,400,1,13,-,-,-
2024/2025,153,M. Elia,865,15,-,1,20,6,19,-,2,3,6,26,4,145,3,3,4,-,-
2024/2025,154,K. Tobers,855,10,1,-,11,5,9,-,4,9,13,50,21,358,-,21,1,-,-
2024/2025,155,Rodrigo Conceição,828,16,-,-,8,4,8,-,3,18,16,76,4,279,4,3,1,-,-
2024/2025,156,C. Akolo,827,17,5,3,40,25,7,-,-,3,5,26,6,154,1,-,12,-,-
2024/2025,157,K. Spadanuda,826,22,3,2,15,9,13,-,2,15,30,82,6,208,2,10,-,1,-
2024/2025,158,S. Kittel,826,14,-,-,11,1,4,-,3,-,6,9,-,266,6,6,2,-,-
2024/2025,159,U. Emmanuel,822,21,1,1,16,7,14,1,1,8,5,45,7,117,1,2,3,1,-
2024/2025,160,A. Baron,821,15,-,1,1,-,3,-,1,7,3,31,9,435,9,6,-,-,-
2024/2025,161,L. Kamberi,814,18,2,-,12,3,10,1,2,5,9,47,28,269,2,11,2,2,-
2024/2025,162,I. Aliseda,808,15,6,2,33,15,3,-,-,3,14,39,9,284,2,1,-,1,-
2024/2025,163,J. Gnakpa,805,18,-,-,4,1,12,1,1,16,9,56,21,244,1,15,1,-,-
2024/2025,164,A. Grbic,793,17,4,1,26,19,11,-,1,4,10,30,13,119,1,3,5,-,-
2024/2025,165,A. Ajeti,777,18,5,4,30,12,14,1,-,4,5,36,19,123,1,4,6,2,-
2024/2025,166,Romário Baró,757,14,1,-,14,1,10,1,1,9,20,61,12,369,-,8,1,-,-
2024/2025,167,C. Niasse,755,14,-,-,8,5,16,1,3,8,8,48,15,323,1,23,1,-,-
2024/2025,168,D. Douline,754,13,-,1,6,1,20,-,1,26,13,76,22,221,1,21,1,2,-
2024/2025,169,F. Mambimbi,748,18,3,4,15,7,10,-,-,14,13,43,3,143,-,-,3,-,-
2024/2025,170,N. Beloko,730,10,1,1,5,1,17,-,3,22,11,67,6,166,3,10,1,3,-
2024/2025,171,N. Vouilloz,725,10,-,-,1,-,6,-,4,6,7,32,16,508,-,10,-,1,-
2024/2025,172,S. Ballet,722,13,-,-,10,1,27,-,1,12,18,69,1,172,2,5,1,2,-
2024/2025,173,M. Valenzuela,718,13,-,4,8,1,11,-,1,12,8,52,9,425,9,8,-,-,-
2024/2025,174,D. Kacuri,716,16,-,1,5,-,9,-,3,13,6,40,7,264,2,8,1,-,-
2024/2025,175,O. Custodio,713,11,-,1,7,1,16,-,2,11,8,36,8,258,13,4,1,-,-
2024/2025,176,A. Miranchuk,712,13,2,1,22,7,7,-,1,10,11,36,4,273,11,4,5,-,-
2024/2025,177,J. Lukembila,709,14,-,1,16,5,14,-,1,5,15,53,11,124,4,4,2,1,-
2024/2025,178,S. Diaby,684,11,-,-,2,1,13,-,3,11,6,37,8,284,1,7,-,1,-
2024/2025,179,E. Maurin,683,12,1,1,20,6,22,-,5,10,10,41,11,167,5,4,1,-,-
2024/2025,180,S. Decarli,681,10,-,-,1,-,8,1,3,4,1,18,10,224,-,10,-,1,-
2024/2025,181,D. Kamenović,677,8,-,-,1,1,13,-,4,6,11,44,15,202,2,18,-,2,-
2024/2025,182,M. Šotiček,669,19,3,1,18,5,20,-,1,4,14,46,15,149,-,8,-,-,-
2024/2025,183,Marquinhos Cipriano,664,14,-,-,7,-,7,-,2,13,7,31,6,255,6,5,-,-,-
2024/2025,184,N. Gunnarsson,664,11,-,-,3,1,4,-,1,7,3,35,20,171,-,5,-,-,-
2024/2025,185,T. Zoukrou,660,9,-,-,4,-,6,1,2,5,3,28,15,303,-,12,-,2,-
2024/2025,186,J. Guillemenot,657,21,-,2,23,10,11,-,1,6,10,34,12,73,1,-,9,-,-
2024/2025,187,K. Adams,655,9,-,-,5,1,3,-,1,2,1,21,16,241,-,10,-,-,-
2024/2025,188,S. Karweina,649,12,2,2,21,12,7,-,-,6,15,39,1,125,2,2,2,1,-
2024/2025,189,M. Keller,630,7,-,-,-,-,-,-,-,-,2,3,1,206,-,-,-,2,26
2024/2025,190,J. Markelo,625,12,-,-,12,5,12,-,1,10,16,49,1,149,6,5,2,-,-
2024/2025,191,H. Mahou,618,16,1,2,14,8,9,-,1,2,11,49,8,279,5,6,1,-,-
2024/2025,192,D. Ulrich,611,12,-,-,6,2,18,-,1,7,12,35,-,129,4,4,1,2,-
2024/2025,193,E. Colley,600,18,1,2,24,8,10,-,3,8,5,34,5,151,1,1,1,-,-
2024/2025,194,M. Cisse,597,17,2,2,15,4,10,-,1,3,4,26,9,97,-,-,4,-,-
2024/2025,195,D. Djokic,596,19,2,-,14,5,7,-,-,3,13,31,6,97,-,2,1,-,-
2024/2025,196,K. Imeri,593,18,1,1,16,2,4,-,2,4,20,36,5,183,14,4,-,-,-
2024/2025,197,N. Burkart,584,9,1,2,13,5,6,-,-,3,10,26,4,100,5,6,3,-,-
2024/2025,198,D. Diop,583,8,-,-,5,2,15,1,-,7,3,25,10,199,-,8,-,2,-
2024/2025,199,A. Durrer,578,15,-,1,11,2,8,-,3,13,6,41,14,163,-,5,1,-,-
2024/2025,200,K. Faber,576,19,-,-,6,2,4,-,-,16,19,52,4,166,2,5,1,1,-
2024/2025,201,L. Bajrami,570,16,3,-,14,6,2,-,1,1,7,12,2,67,-,-,4,-,-
2024/2025,202,J. Löfgren,558,9,-,-,1,-,5,-,2,6,-,22,15,279,-,4,-,-,-
2024/2025,203,K. de la Fuente,550,18,-,1,17,2,10,-,2,11,13,46,7,96,10,2,-,-,-
2024/2025,204,J. Kadák,546,17,-,2,9,2,11,-,3,10,6,32,9,167,10,3,-,-,-
2024/2025,205,C. Gomis,542,13,1,1,10,5,10,-,2,9,8,38,8,101,2,1,2,-,-
2024/2025,206,S. Zuber,540,6,1,1,18,7,4,-,-,7,11,29,6,176,6,-,-,2,-
2024/2025,207,S. Vladi,539,14,3,2,24,10,12,-,-,-,7,11,3,63,-,-,3,-,-
2024/2025,208,C. Tsawa,525,7,2,1,15,5,25,-,4,11,4,26,7,209,-,5,-,2,-
2024/2025,209,A. El Wafi,524,7,-,-,2,1,6,-,1,4,6,23,5,345,1,6,-,1,-
2024/2025,210,A. Husic,520,9,-,1,3,2,11,-,2,10,-,32,18,239,1,10,1,-,-
2024/2025,211,J. von Moos,513,15,-,1,9,1,5,-,1,9,8,44,5,112,6,3,4,-,-
2024/2025,212,M. Choinière,512,8,1,-,5,2,5,-,1,11,3,27,4,184,-,3,-,-,-
2024/2025,213,C. Konietzke,505,11,-,-,8,3,4,-,-,16,7,39,4,175,-,4,-,1,-
2024/2025,214,A. Bojang,505,14,-,-,22,11,14,-,1,7,7,44,18,106,-,5,3,-,-
2024/2025,215,R. Ziegler,504,9,-,-,3,-,6,-,2,3,2,15,8,263,3,3,1,-,-
2024/2025,216,B. Freimann,499,9,-,-,6,1,6,-,-,3,4,24,13,212,-,11,2,2,-
2024/2025,217,A. Mabil,486,9,1,1,10,3,6,-,1,4,6,20,3,133,7,2,4,-,-
2024/2025,218,B. Fofana,482,12,-,-,16,7,7,-,1,1,7,21,2,65,3,2,1,-,-
2024/2025,219,K. Bua,460,9,1,1,8,4,8,-,2,11,11,35,-,133,2,1,-,-,-
2024/2025,220,F. van Breemen,460,11,-,-,1,-,8,-,2,9,3,36,18,315,3,5,-,2,-
2024/2025,221,J. Kronig,448,11,-,-,9,2,4,-,1,8,3,24,9,113,-,1,-,1,-
2024/2025,222,T. Verón Lupi,439,13,2,1,18,7,11,-,2,11,9,44,6,69,10,4,-,-,-
2024/2025,223,L. Chipperfield,438,11,-,3,11,2,8,-,-,7,10,31,2,114,17,2,1,-,-
2024/2025,224,B. Kololli,433,10,4,1,13,8,6,-,1,5,9,37,12,139,7,4,3,-,-
2024/2025,225,F. González,432,7,-,1,5,1,2,-,-,4,5,22,-,109,8,1,2,-,-
2024/2025,226,P. Schürpf,423,20,1,-,9,4,9,-,2,10,4,45,28,105,2,4,2,-,-
2024/2025,227,N. Irankunda,412,6,-,2,8,3,3,-,1,5,8,31,6,81,-,2,-,-,-
2024/2025,228,M. Kuster,405,5,-,-,-,-,-,-,-,-,2,2,1,146,-,-,-,2,22
2024/2025,229,M. Araz,391,10,-,-,4,3,2,-,1,5,4,12,-,177,-,6,-,-,-
2024/2025,230,M. Chaiwa,385,9,-,-,3,2,7,-,1,5,5,19,2,127,-,7,-,-,-
2024/2025,231,A. Oko-Flex,374,10,-,1,8,3,5,-,1,3,7,32,4,100,1,4,1,-,-
2024/2025,232,N. Sow,374,6,-,-,1,-,6,-,2,11,1,22,3,170,-,4,-,1,-
2024/2025,233,N. Tosic,359,10,-,-,-,-,3,-,-,4,5,19,5,98,1,2,-,-,-
2024/2025,234,M. Ntelo,358,13,2,-,6,2,11,-,-,1,6,14,4,32,-,-,1,-,-
2024/2025,235,C. Souza,348,16,1,1,9,4,2,-,-,2,3,13,1,113,10,3,-,-,-
2024/2025,236,K. Hajrizi,338,4,1,-,1,1,2,-,2,5,10,25,8,89,-,6,-,-,-
2024/2025,237,R. Raveloson,334,5,2,-,7,3,2,-,-,6,7,27,10,156,2,-,-,-,-
2024/2025,238,F. Barba,329,4,-,-,2,-,4,-,-,1,6,16,7,160,-,4,-,-,-
2024/2025,239,N. Yannick,329,6,1,-,3,1,5,1,1,1,-,14,11,99,-,5,-,-,-
2024/2025,240,V. Tasar,328,8,-,-,7,2,5,-,3,5,8,19,1,59,10,1,-,-,-
2024/2025,241,U. Simbakoli,327,14,1,1,13,6,11,-,1,6,9,44,12,53,-,-,2,-,-
2024/2025,242,C. Chiappetta,326,8,-,-,5,1,4,-,2,6,13,25,-,57,-,3,-,-,-
2024/2025,243,G. Koutsias,315,6,2,-,8,5,3,-,1,-,2,10,5,50,-,-,3,-,-
2024/2025,244,B. Fink,310,15,1,1,12,5,6,-,1,2,3,18,6,65,1,3,1,-,-
2024/2025,245,C. Fassnacht,291,4,2,-,9,4,5,-,-,4,-,10,5,65,1,1,1,-,-
2024/2025,246,Abdu Conté,284,7,-,-,1,-,8,-,-,1,2,9,4,108,4,4,-,-,-
2024/2025,247,F. Sylla,284,16,-,1,4,-,6,-,2,12,2,33,5,124,1,4,-,-,-
2024/2025,248,D. Denoon,282,5,-,-,-,-,5,1,1,3,9,19,2,182,-,4,-,1,-
2024/2025,249,J. Okita,279,10,1,1,8,5,5,-,3,4,4,21,5,53,8,3,3,-,-
2024/2025,250,P. Otele,273,5,2,-,14,9,2,-,-,2,3,22,6,49,1,2,3,-,-
2024/2025,251,S. Wallner,270,4,-,-,2,-,3,-,1,7,3,13,3,60,-,5,-,-,-
2024/2025,252,I. Schmidt,255,4,1,1,3,2,1,-,-,1,3,14,4,92,2,3,1,-,-
2024/2025,253,T. Ouattara,248,11,-,1,9,4,7,-,-,5,4,21,3,45,1,1,1,-,-
2024/2025,254,J. Gbamin,247,3,-,-,2,1,2,-,-,9,-,17,5,151,2,4,-,1,-
2024/2025,255,T. Barry,238,3,5,-,15,7,3,-,-,3,6,24,11,34,1,-,1,-,-
2024/2025,256,C. Bedia,236,3,3,1,9,5,3,-,-,1,2,13,6,29,1,-,2,-,-
2024/2025,257,Diogo Carraco,234,8,-,-,7,2,7,1,1,7,5,19,-,78,1,2,-,-,-
2024/2025,258,M. Bouriga,227,12,1,-,7,2,5,-,1,-,3,14,7,44,-,1,6,-,-
2024/2025,259,F. Rohner,219,4,-,1,2,-,2,-,1,3,3,15,3,39,2,1,3,-,-
2024/2025,260,J. Nonge,213,3,-,-,-,-,3,-,-,5,5,16,3,55,1,1,-,-,-
2024/2025,261,A. Balde,212,5,-,-,7,3,2,-,1,4,2,16,2,40,2,5,4,-,-
2024/2025,262,L. Daschner,211,3,-,-,7,1,2,-,-,3,3,18,1,37,1,1,-,-,-
2024/2025,263,H. Loucif,208,4,-,-,-,-,1,-,-,5,2,13,1,59,5,3,-,-,-
2024/2025,264,T. Ndicka,207,5,-,1,1,-,1,-,-,-,2,4,-,62,5,-,1,-,-
2024/2025,265,J. Hautier,204,6,-,-,5,2,2,-,-,-,2,9,3,28,-,1,-,-,-
2024/2025,266,H. Abdallah,202,3,-,-,-,-,5,-,2,7,2,15,3,76,-,7,-,-,-
2024/2025,267,M. Polster,199,13,-,-,2,-,5,-,1,2,3,12,1,74,1,3,-,-,-
2024/2025,268,M. Cissé,199,5,-,-,-,-,3,-,1,3,1,11,4,75,1,4,-,-,-
2024/2025,269,T. Xhaka,196,9,-,-,2,-,4,-,1,-,6,8,2,176,2,-,-,-,-
2024/2025,270,C. Nuñez,193,3,-,-,-,-,7,-,-,10,-,19,2,58,-,2,-,-,-
2024/2025,271,S. Cueni,182,5,-,-,-,-,3,-,-,2,2,10,3,46,-,1,1,-,-
2024/2025,272,H. Lindner,180,2,-,-,-,-,-,-,-,-,-,-,-,47,-,-,-,-,10
2024/2025,273,F. de Carvalho,175,7,-,-,1,-,4,-,-,3,2,12,1,22,2,-,-,-,-
2024/2025,274,K. Rüegg,168,3,-,-,-,-,-,-,-,8,4,17,2,52,1,4,-,-,-
2024/2025,275,Asumah Abubakar,162,7,-,-,2,-,4,-,-,-,4,7,-,36,1,1,2,-,-
2024/2025,276,J. Sabobo,161,7,1,-,5,2,5,-,1,1,1,9,5,26,1,-,-,-,-
2024/2025,277,D. Afriyie,153,6,-,-,3,1,3,-,2,1,5,16,6,18,-,1,2,-,-
2024/2025,278,D. Lembikisa,148,3,-,-,2,-,-,-,-,1,-,4,1,27,-,-,-,-,-
2024/2025,279,M. Salvi,135,2,-,-,-,-,-,-,-,-,1,1,-,41,-,-,-,-,1
2024/2025,280,R. Macek,131,8,-,-,2,-,1,-,1,1,3,8,2,94,1,2,-,-,-
2024/2025,281,A. Turkeš,127,2,-,-,1,-,1,-,-,-,-,-,-,16,-,-,2,-,-
2024/2025,282,I. Hassane,125,3,-,-,1,-,5,-,-,2,-,6,-,26,-,2,-,-,-
2024/2025,283,Víctor Ruiz,123,7,-,-,3,-,3,-,1,4,2,9,1,50,-,-,-,-,-
2024/2025,284,Arnau Comas,121,3,-,-,-,-,1,-,1,3,1,6,1,50,-,-,-,-,-
2024/2025,285,R. Alves,118,6,-,1,3,2,-,-,1,1,-,8,-,17,3,3,-,-,-
2024/2025,286,J. Nsame,117,4,2,1,6,2,2,-,1,-,3,8,3,22,-,-,1,-,-
2024/2025,287,Ronaldo Tavares,116,2,1,-,4,3,2,-,-,-,1,9,8,15,-,-,1,-,-
2024/2025,288,D. Leidner,114,4,-,-,-,-,5,-,3,2,-,8,2,38,1,2,-,-,-
2024/2025,289,A. Krasniqi,112,5,-,-,3,-,3,-,1,1,2,6,-,18,-,-,-,-,-
2024/2025,290,A. Mahious,102,2,-,-,1,-,-,-,-,-,3,8,5,12,1,-,-,-,-
2024/2025,291,J. Milošević,99,5,1,-,3,2,-,-,-,-,3,8,3,15,-,-,-,-,-
2024/2025,292,B. Fazliji,93,4,-,-,2,-,1,-,1,2,1,8,3,23,-,1,-,-,-
2024/2025,293,V. Beniangba,90,2,-,-,1,1,2,-,-,-,1,4,1,14,-,-,-,-,-
2024/2025,294,R. Fernandes,90,1,-,-,1,1,-,-,-,2,2,6,-,71,3,1,-,-,-
2024/2025,295,S. Osigwe,90,1,-,-,-,-,-,-,-,-,-,1,1,14,-,-,-,-,3
2024/2025,296,D. Reverson,89,4,-,-,2,-,3,-,1,-,-,3,1,10,-,-,-,-,-
2024/2025,297,T. Turhan,85,5,1,-,3,3,1,-,-,3,-,8,3,14,1,1,1,-,-
2024/2025,298,F. Oviedo,84,7,1,1,2,2,2,-,-,2,1,6,1,9,-,2,-,-,-
2024/2025,299,G. Sigua,84,7,-,-,2,-,-,-,-,-,2,7,3,19,1,-,-,-,-
2024/2025,300,B. Lasme,78,2,-,-,4,4,1,-,-,1,1,13,5,8,-,-,-,-,-
2024/2025,301,S. Fofana,73,2,-,-,1,-,-,-,-,3,-,4,1,14,-,1,-,-,-
2024/2025,302,M. Reichmuth,72,2,-,-,1,-,2,-,-,1,1,4,-,37,-,-,-,-,-
2024/2025,303,Gonçalo Esteves,71,2,-,-,1,-,-,-,-,1,3,8,1,21,-,-,-,-,-
2024/2025,304,E. Maluvunu,60,2,-,-,1,-,-,-,-,3,-,5,1,6,-,2,-,-,-
2024/2025,305,Metinho,58,1,-,-,-,-,-,-,-,-,-,-,-,28,-,3,-,-,-
2024/2025,306,F. Goure,57,3,-,-,1,-,-,-,-,1,1,5,2,12,-,-,-,-,-
2024/2025,307,R. Beney,56,3,-,-,2,-,1,-,1,-,-,4,3,8,-,-,-,-,-
2024/2025,308,D. Babunski,48,2,-,-,1,-,1,-,1,1,2,9,7,5,-,-,-,-,-
2024/2025,309,S. Stroscio,48,3,-,-,-,-,2,-,1,1,1,3,1,14,-,2,-,-,-
2024/2025,310,A. Ndoye,46,2,-,-,-,-,1,-,-,1,-,2,1,6,-,-,-,-,-
2024/2025,311,L. Meyer,45,1,-,-,-,-,2,-,1,-,-,-,-,15,1,-,-,-,-
2024/2025,312,V. Vasić,45,1,-,-,-,-,-,-,-,-,-,-,-,19,-,-,-,-,5
2024/2025,313,Keyan Varela,38,3,-,-,2,1,-,-,-,1,-,4,2,9,-,-,-,-,-
2024/2025,314,R. Buess,37,3,1,-,1,1,2,-,1,1,1,4,2,9,-,-,-,-,-
2024/2025,315,G. Szalai,35,2,-,-,-,-,-,-,-,-,-,2,2,32,-,-,-,-,-
2024/2025,316,A. Avdić,30,4,-,-,1,-,-,-,-,1,2,5,-,12,1,-,-,-,-
2024/2025,317,S. Hodza,27,1,-,-,-,-,-,-,-,1,-,2,-,8,-,-,-,-,-
2024/2025,318,B. Joseph,26,3,-,-,-,-,-,-,-,1,-,2,1,12,-,-,-,-,-
2024/2025,319,M. Sawadogo,25,2,-,-,1,-,-,-,-,-,-,1,1,4,1,1,-,-,-
2024/2025,320,N. Toggenburger,25,1,-,-,-,-,-,-,-,-,1,1,-,6,-,-,-,-,-
2024/2025,321,J. Gauto,24,1,-,-,-,-,-,-,-,-,-,1,-,18,-,-,-,-,-
2024/2025,322,E. Tsimba,23,2,-,-,-,-,-,-,-,-,-,-,-,4,-,-,-,-,-
2024/2025,323,C. Fiorini,22,1,-,-,-,-,1,-,-,-,-,-,-,10,-,-,-,-,-
2024/2025,324,S. Chader,21,2,-,-,2,-,2,-,-,1,-,2,1,7,-,-,-,-,-
2024/2025,325,S. Crnovrsanin,20,1,-,-,1,-,1,-,-,-,-,1,1,8,-,-,-,-,-
2024/2025,326,E. Essiam,19,1,-,-,-,-,-,-,-,-,-,-,-,19,-,-,-,-,-
2024/2025,327,G. Rusev,18,3,-,-,-,-,1,-,1,1,-,3,1,9,-,-,-,-,-
2024/2025,328,S. Pafundi,17,2,-,-,-,-,-,-,-,-,-,1,-,10,-,-,-,-,-
2024/2025,329,V. Kongsro,17,2,-,-,-,-,-,-,-,-,-,3,2,4,-,-,-,-,-
2024/2025,330,S. Kone,14,2,-,-,-,-,3,-,1,1,-,2,1,21,-,-,-,-,-
2024/2025,331,M. Dräger,14,1,-,-,-,-,-,-,-,-,-,-,-,2,-,-,-,-,-
2024/2025,332,M. Walker,13,1,-,-,-,-,-,-,-,-,-,-,-,-,-,1,-,-,-
2024/2025,333,N. Probst,13,1,-,-,-,-,-,-,-,-,-,-,-,4,-,-,-,-,-
2024/2025,334,P. Coulibaly,12,1,-,-,-,-,-,-,-,-,1,1,-,1,-,-,-,-,-
2024/2025,335,N. Möller,12,1,-,-,1,-,-,-,-,-,-,-,-,1,-,-,-,-,-
2024/2025,336,A. Arigoni,12,1,-,-,1,-,-,-,-,1,-,1,-,3,-,-,-,-,-
2024/2025,337,I. Parra,11,1,-,-,-,-,2,-,-,2,-,3,1,1,-,1,-,-,-
2024/2025,338,L. Srdanovic,11,1,-,-,-,-,2,-,-,-,-,1,-,5,-,-,-,-,-
2024/2025,339,M. Bangoura,7,1,-,-,-,-,-,-,-,1,-,1,-,7,-,-,-,-,-
2024/2025,340,A. Vasovic,7,1,-,-,-,-,-,-,-,-,-,1,1,1,-,-,-,-,-
2024/2025,341,M. Akahomen,7,1,-,-,-,-,-,-,-,-,-,1,1,8,-,-,-,-,-
2024/2025,342,N. Di Giusto,5,1,-,-,-,-,-,-,-,-,-,-,-,1,1,-,-,-,-
2024/2025,343,N. Volken,4,1,-,-,-,-,-,-,-,-,1,1,-,6,-,1,-,-,-
2024/2025,344,M. Senaya,3,1,-,-,-,-,-,-,-,-,1,1,-,4,-,-,-,-,-
2024/2025,345,D. Ngonzo,3,1,-,-,-,-,-,-,-,-,-,-,-,3,-,-,-,-,-
2024/2025,346,A. Vogt,1,1,-,-,-,-,-,-,-,-,-,-,-,-,-,-,-,-,-
2024/2025,347,V. Vidaković,1,1,-,-,-,-,-,-,-,-,-,-,-,-,-,-,-,-,-
2023/2024,1,Y. Brecher,3420,38,-,-,-,-,-,-,2,2,10,20,11,785,-,1,-,12,101
2023/2024,2,L. Zigi,3330,37,-,-,2,-,2,-,2,-,6,25,15,598,-,-,-,6,97
2023/2024,3,P. Loretz,3330,37,-,-,-,-,-,-,1,-,5,14,9,831,-,-,-,10,122
2023/2024,4,J. Hammel,3240,36,-,-,-,-,-,-,1,-,2,9,8,781,-,-,-,6,124
2023/2024,5,A. Vallci,3238,36,5,-,38,13,34,-,10,51,14,190,95,1311,-,47,2,6,-
2023/2024,6,I. Mathew,3215,37,3,4,48,11,54,-,2,44,35,151,20,1290,-,36,1,10,-
2023/2024,7,T. Cognat,3203,38,4,4,59,12,34,-,3,44,29,144,16,1284,28,54,2,5,-
2023/2024,8,L. Hajrulahu,3198,37,-,-,9,-,9,-,1,19,19,89,28,1372,2,62,1,1,-
2023/2024,9,A. Bernede,3173,37,1,4,39,11,52,-,4,64,49,212,16,1349,1,21,-,6,-
2023/2024,10,L. Kamberi,3134,36,4,-,29,11,39,-,8,37,37,194,94,1032,3,71,1,12,-
2023/2024,11,A. Jashari,3043,36,5,3,41,10,37,-,6,31,38,142,11,1358,37,27,1,8,-
2023/2024,12,S. Rouiller,3035,35,2,-,24,7,28,-,2,47,18,185,86,1374,1,64,1,8,-
2023/2024,13,N. Dussenne,2989,34,6,1,36,12,39,1,13,39,44,232,121,1321,3,50,-,6,-
2023/2024,14,B. Céspedes,2985,36,6,1,33,10,43,-,6,37,35,146,38,1327,2,44,2,3,-
2023/2024,15,N. Katić,2982,34,4,-,25,10,33,1,6,42,18,202,111,1045,-,44,-,10,-
2023/2024,16,P. Dorn,2968,34,4,8,60,22,49,-,7,33,55,159,28,790,11,26,12,7,-
2023/2024,17,M. Zanotti,2951,34,3,5,28,9,59,2,10,61,63,228,27,846,12,34,2,5,-
2023/2024,18,A. Saipi,2940,33,-,-,-,-,1,-,3,1,3,13,9,973,-,-,-,13,94
2023/2024,19,Y. Severin,2935,34,1,1,11,3,24,1,4,19,9,88,33,1053,2,31,2,9,-
2023/2024,20,A. Seko,2902,36,1,-,20,4,41,-,4,16,14,97,55,1017,-,42,4,4,-
2023/2024,21,M. Hitz,2880,32,-,-,-,-,-,-,-,-,8,12,7,791,-,-,-,10,89
2023/2024,22,K. Letica,2880,32,-,-,-,-,-,-,2,-,4,10,4,486,-,1,-,9,92
2023/2024,23,F. Frei,2869,35,4,1,27,11,24,-,6,31,10,88,32,1366,9,35,4,10,-
2023/2024,24,D. Schmid,2865,35,2,6,18,4,34,-,7,49,36,149,31,917,64,39,3,7,-
2023/2024,25,A. Abrashi,2819,36,-,2,13,3,51,-,9,65,58,221,41,1043,2,37,-,5,-
2023/2024,26,M. Keller,2790,31,-,-,-,-,-,-,1,-,5,12,8,838,-,1,-,6,114
2023/2024,27,C. Conde,2753,33,1,3,32,8,57,2,7,73,34,241,69,1007,3,55,-,7,-
2023/2024,28,Jordi Quintillà,2751,31,2,5,45,12,40,-,7,33,51,156,34,1055,40,30,-,6,-
2023/2024,29,J. Okita,2739,36,11,3,92,45,48,-,8,22,28,118,16,515,46,9,26,1,-
2023/2024,30,C. Witzig,2717,33,5,9,86,35,65,-,9,26,48,169,14,671,37,20,5,2,-
2023/2024,31,W. Le Pogam,2688,32,1,3,6,2,13,-,3,21,19,105,22,919,25,33,5,4,-
2023/2024,32,A. Hajdari,2651,34,3,-,22,6,32,-,9,39,34,146,53,1451,2,56,1,8,-
2023/2024,33,B. Stillhart,2649,35,3,1,29,9,14,-,8,29,24,118,33,1222,2,22,3,4,-
2023/2024,34,I. Schmidt,2601,34,2,-,23,5,22,-,4,48,24,193,37,1000,1,47,3,3,-
2023/2024,35,D. Kutesa,2596,36,4,7,89,23,26,-,4,33,38,170,22,446,22,4,13,-,-
2023/2024,36,K. Tsunemoto,2576,30,-,3,25,4,41,-,4,50,40,162,26,921,16,63,-,9,-
2023/2024,37,R. Giger,2571,33,-,-,6,2,30,-,7,51,26,139,26,785,16,43,-,7,-
2023/2024,38,M. Elia,2561,32,9,5,50,18,26,-,2,18,23,118,16,483,22,2,30,9,-
2023/2024,39,M. Camara,2560,29,1,1,13,5,43,-,13,33,14,146,76,1205,-,45,1,8,-
2023/2024,40,B. Mazikou,2557,31,-,4,13,2,21,-,6,43,47,187,47,973,10,52,-,7,-
2023/2024,41,K. Tobers,2537,29,-,-,15,4,27,-,9,27,13,117,65,982,-,48,-,5,-
2023/2024,42,L. Mai,2535,32,-,2,4,-,23,-,3,38,11,138,59,1534,-,30,1,10,-
2023/2024,43,A. Sauthier,2534,31,2,3,27,8,26,-,4,56,34,171,30,887,15,26,-,3,-
2023/2024,44,O. Custodio,2534,34,-,3,25,9,30,-,8,35,21,109,21,860,47,30,2,8,-
2023/2024,45,N. Boranijašević,2528,33,1,2,29,4,32,-,5,50,35,176,23,650,12,28,4,7,-
2023/2024,46,M. Stevanović,2527,30,4,5,63,19,24,1,1,33,31,150,56,712,72,25,9,7,-
2023/2024,47,M. Qarri,2514,34,3,5,31,10,28,-,8,42,17,139,13,798,17,17,4,1,-
2023/2024,48,K. Sène,2514,36,12,3,68,33,40,1,6,16,30,125,39,298,2,1,33,1,-
2023/2024,49,D. Del Fabro,2464,31,-,-,8,3,29,1,5,11,7,110,87,754,-,25,2,3,-
2023/2024,50,A. Marchesano,2454,36,12,5,78,27,33,-,-,12,22,71,9,556,1,13,21,1,-
2023/2024,51,E. Akichi,2443,31,-,1,6,1,33,-,10,23,40,127,31,1106,1,31,-,-,-
2023/2024,52,J. Sabbatini,2437,36,4,4,30,5,60,-,7,44,30,138,28,1098,2,34,2,6,-
2023/2024,53,L. Jaquez,2418,30,-,-,11,1,24,-,5,23,10,116,54,827,-,47,-,5,-
2023/2024,54,A. Ajdini,2417,36,8,2,59,24,19,-,3,13,27,113,32,389,5,3,3,-,-
2023/2024,55,L. Zuffi,2413,30,2,3,12,5,20,-,2,21,20,83,17,962,33,22,-,3,-
2023/2024,56,R. Arnold,2409,30,2,-,14,5,26,-,5,33,9,107,39,1115,-,37,1,5,-
2023/2024,57,T. Barry,2385,35,9,5,81,31,48,1,7,9,56,258,153,337,5,4,32,5,-
2023/2024,58,M. Tijani,2337,27,1,-,9,3,30,3,6,16,15,79,40,961,3,27,1,4,-
2023/2024,59,F. van Breemen,2327,30,2,3,13,3,27,-,6,28,13,100,43,1131,7,46,-,6,-
2023/2024,60,S. Sidler,2319,31,-,2,13,5,29,-,6,38,15,108,20,704,14,28,4,5,-
2023/2024,61,A. Kade,2309,30,5,2,47,17,31,-,6,44,43,181,25,489,4,20,4,7,-
2023/2024,62,C. Akolo,2299,37,14,4,88,42,20,-,3,19,22,92,14,373,6,2,17,1,-
2023/2024,63,R. Steffen,2298,31,6,13,37,15,25,-,4,16,51,116,14,757,54,14,7,4,-
2023/2024,64,J. Mall,2295,26,-,-,-,-,-,-,1,-,1,12,10,479,-,-,-,8,78
2023/2024,65,S. Ottiger,2265,33,2,2,22,7,19,1,3,43,11,122,27,543,13,31,-,4,-
2023/2024,66,G. Morandi,2261,32,5,7,31,11,26,-,6,21,29,110,26,523,35,13,4,2,-
2023/2024,67,E. Mahmoud,2257,32,5,5,32,13,26,2,6,48,38,208,7,730,27,16,3,-,-
2023/2024,68,Kevin Carlos,2257,35,14,4,83,40,64,-,4,8,49,174,95,266,6,2,16,-,-
2023/2024,69,T. Ndenge,2234,30,8,1,36,12,19,-,3,29,46,126,22,687,1,44,-,2,-
2023/2024,70,L. Pos,2227,28,2,-,10,4,20,-,7,29,22,155,71,1089,-,29,-,-,-
2023/2024,71,M. Meyer,2217,36,6,1,52,22,9,-,3,12,40,84,3,943,16,9,3,2,-
2023/2024,72,S. Lauper,2209,29,1,2,30,6,27,1,1,29,14,89,23,916,3,34,-,4,-
2023/2024,73,M. Frýdek,2193,27,-,4,27,2,31,-,7,32,36,130,33,819,35,37,3,4,-
2023/2024,74,S. Ltaief,2189,35,8,6,79,24,32,-,9,23,71,222,5,537,-,13,8,-,-
2023/2024,75,Ž. Celar,2185,36,14,3,82,31,26,-,3,5,20,76,32,267,-,2,25,2,-
2023/2024,76,G. Ondoua,2182,31,1,1,28,2,25,1,3,24,32,133,40,870,1,21,-,7,-
2023/2024,77,M. Poaty,2164,30,-,3,8,4,15,-,2,16,36,124,44,706,25,33,2,3,-
2023/2024,78,M. Di Giusto,2156,35,6,6,68,31,20,-,-,24,30,88,5,624,23,14,4,1,-
2023/2024,79,U. Bislimi,2138,34,7,7,41,20,25,-,6,26,34,132,6,1032,6,13,6,2,-
2023/2024,80,A. Gantenbein,2133,32,3,7,21,5,28,-,4,51,37,173,28,698,12,29,3,2,-
2023/2024,81,D. Simani,2100,24,1,-,12,4,30,-,6,28,14,114,52,901,-,30,1,6,-
2023/2024,82,D. Abels,2088,24,-,1,10,1,10,1,5,31,23,98,23,616,5,34,-,3,-
2023/2024,83,Liziero,2049,28,3,4,21,7,24,-,4,41,45,141,9,888,15,39,2,1,-
2023/2024,84,N. Beloko,2048,27,-,-,20,10,53,2,6,48,23,150,20,737,4,36,3,3,-
2023/2024,85,Ismaël Gharbi,2043,29,6,6,57,23,23,1,5,12,62,123,4,584,24,14,-,-,-
2023/2024,86,A. Antunes,2032,29,4,1,62,19,33,-,3,18,30,116,24,518,9,17,8,1,-
2023/2024,87,B. Krasniqi,2017,31,6,2,32,19,19,-,3,23,32,116,8,647,12,9,4,3,-
2023/2024,88,C. Niasse,1993,30,-,4,15,3,27,-,6,35,26,121,28,935,3,42,1,7,-
2023/2024,89,R. Kadima,1986,25,1,1,8,3,30,-,6,25,16,116,60,793,1,41,-,-,-
2023/2024,90,D. von Ballmoos,1980,22,-,-,-,-,-,-,2,-,2,6,4,572,-,1,-,9,64
2023/2024,91,D. Afriyie,1957,35,2,4,43,10,47,-,7,19,32,105,36,277,2,7,17,1,-
2023/2024,92,M. Paskotši,1951,28,-,-,7,1,30,-,3,22,8,90,40,655,2,29,-,2,-
2023/2024,93,W. Geubbels,1935,32,8,5,56,18,19,-,1,10,11,119,71,330,8,9,23,-,-
2023/2024,94,S. Diaby,1934,28,-,2,8,3,24,-,4,28,12,93,22,717,6,33,1,3,-
2023/2024,95,G. Lekaj,1923,23,-,1,7,3,18,1,1,17,5,57,30,832,1,26,-,4,-
2023/2024,96,J. Roche,1905,29,-,1,15,3,29,-,4,36,17,119,42,674,-,38,1,2,-
2023/2024,97,A. Grgic,1901,26,1,6,19,4,25,1,7,22,16,72,14,1147,33,21,-,7,-
2023/2024,98,J. Monteiro,1899,32,12,2,38,18,50,-,3,26,21,129,26,362,3,6,4,2,-
2023/2024,99,J. Stanić,1896,23,-,-,7,2,29,-,6,23,20,99,45,613,1,30,1,6,-
2023/2024,100,R. Schneider,1893,32,5,4,31,12,32,1,4,35,36,132,7,591,16,14,1,1,-
2023/2024,101,L. Avdullahu,1884,28,1,1,16,5,29,-,6,25,12,83,14,944,3,28,1,5,-
2023/2024,102,Renato Veiga,1873,23,2,1,38,7,30,1,7,32,20,106,27,1083,7,19,2,3,-
2023/2024,103,A. Amenda,1862,23,-,1,12,3,29,-,5,17,7,102,65,1060,2,28,-,6,-
2023/2024,104,D. Males,1844,31,3,3,33,11,21,-,3,23,46,103,9,459,25,8,3,1,-
2023/2024,105,R. Bayard,1833,30,-,-,3,-,25,-,3,24,25,89,11,676,-,14,-,-,-
2023/2024,106,N. Vouilloz,1831,28,-,-,4,2,26,-,3,21,37,102,18,652,2,26,-,6,-
2023/2024,107,S. Janko,1819,30,-,1,11,5,33,1,4,32,19,115,19,652,17,16,-,5,-
2023/2024,108,Rodrigo Conceição,1808,26,1,2,22,13,22,-,3,33,45,159,12,403,10,17,5,2,-
2023/2024,109,P. Bernardoni,1800,20,-,-,-,-,-,-,2,-,1,6,3,355,-,1,-,4,80
2023/2024,110,F. Ugrinic,1798,24,4,5,35,10,25,-,5,24,17,81,8,864,25,13,2,3,-
2023/2024,111,A. Turkeš,1755,31,9,1,46,16,15,-,3,1,17,93,70,265,-,2,13,-,-
2023/2024,112,V. Tasar,1752,24,6,4,48,17,22,-,6,16,36,103,7,314,27,4,6,-,-
2023/2024,113,J. Espinoza,1740,35,2,1,11,2,16,1,3,25,24,89,15,513,10,15,2,2,-
2023/2024,114,F. Diabaté,1730,25,2,1,28,10,9,-,2,21,14,94,14,521,4,11,3,1,-
2023/2024,115,D. Da Silva,1718,20,-,-,-,-,-,-,-,-,3,3,-,399,-,2,-,1,54
2023/2024,116,A. Husic,1716,24,-,-,12,1,30,-,4,21,7,81,43,734,3,30,-,4,-
2023/2024,117,Y. Cimignani,1709,33,5,3,38,15,26,-,4,20,16,71,14,616,22,11,2,1,-
2023/2024,118,J. Vachoux,1701,19,-,-,-,-,2,-,3,5,2,9,2,569,-,1,-,-,79
2023/2024,119,A. Barišić,1700,22,-,-,9,2,8,-,1,30,14,107,45,804,2,26,-,6,-
2023/2024,120,A. Sanches,1697,25,5,-,45,18,24,-,4,14,31,109,17,520,-,14,1,2,-
2023/2024,121,L. Görtler,1693,23,2,1,29,10,36,1,7,27,39,113,19,529,10,14,1,3,-
2023/2024,122,H. Mahmoud,1688,28,5,-,29,9,22,1,4,28,19,119,19,646,3,16,1,1,-
2023/2024,123,F. Momoh,1665,28,5,2,44,14,24,-,4,9,23,121,54,239,-,1,14,-,-
2023/2024,124,J. Löfgren,1665,19,-,-,11,-,10,-,1,12,16,83,45,655,-,24,1,6,1
2023/2024,125,R. Ilie,1664,29,3,3,32,10,22,-,4,18,30,109,11,324,7,10,6,-,-
2023/2024,126,A. Mahious,1659,25,7,1,51,16,23,1,3,8,21,152,90,235,2,6,12,1,-
2023/2024,127,T. Xhaka,1658,26,1,1,7,4,20,1,5,19,36,87,10,729,11,10,2,1,-
2023/2024,128,J. Laws,1652,22,-,-,11,2,23,2,3,29,10,83,23,799,3,15,1,2,-
2023/2024,129,K. Hajrizi,1644,22,2,-,19,6,17,-,5,18,46,133,44,793,-,23,-,5,-
2023/2024,130,B. Toma,1640,27,2,2,37,13,20,-,2,16,11,63,8,581,4,7,-,-,-
2023/2024,131,L. Blum,1633,28,-,7,12,2,32,1,4,29,19,83,14,470,26,14,1,5,-
2023/2024,132,C. Itten,1624,30,10,3,71,25,34,-,1,10,16,97,58,206,-,1,4,2,-
2023/2024,133,N. Burkart,1618,36,8,-,46,22,21,-,6,17,20,89,20,237,3,12,9,-,-
2023/2024,134,Adrián Guerrero,1598,22,-,4,11,3,8,-,3,24,23,72,3,436,41,10,-,6,-
2023/2024,135,F. Daprelà,1571,25,-,-,5,2,22,-,1,15,15,83,44,533,-,24,2,4,-
2023/2024,136,C. Okoroji,1559,28,-,1,8,2,10,-,2,24,12,77,19,437,11,31,-,4,-
2023/2024,137,A. Diaby,1532,24,-,-,15,1,26,-,5,11,4,92,60,465,-,21,1,2,-
2023/2024,138,L. Gassama,1524,20,-,2,-,-,11,-,3,12,27,80,11,508,5,17,-,-,-
2023/2024,139,T. Ndicka,1522,27,1,-,6,1,11,-,1,16,26,77,13,373,8,8,3,2,-
2023/2024,140,R. Macek,1510,31,1,1,6,2,14,-,5,20,22,66,7,631,10,19,1,2,-
2023/2024,141,S. Ganvoula,1508,35,9,2,62,21,23,-,5,3,23,144,102,239,3,2,9,-,-
2023/2024,142,L. Villiger,1506,34,6,2,30,13,22,-,3,9,27,74,23,189,3,4,5,-,-
2023/2024,143,B. Labeau,1468,35,4,-,47,14,32,-,4,13,21,120,57,248,3,4,13,2,-
2023/2024,144,T. Okou,1461,28,3,2,39,11,21,-,1,11,26,90,8,183,7,6,9,-,-
2023/2024,145,E. Crivelli,1451,28,8,-,34,16,17,1,2,4,20,118,78,237,-,1,6,-,-
2023/2024,146,A. Racioppi,1440,16,-,-,-,-,1,-,1,1,2,5,2,512,-,-,-,5,54
2023/2024,147,F. de Carvalho,1436,32,3,2,31,13,7,-,2,15,6,56,12,126,7,9,10,-,-
2023/2024,148,J. Guillemenot,1418,33,8,2,49,23,25,-,4,5,23,62,19,176,8,4,14,1,-
2023/2024,149,A. Jankewitz,1417,18,-,3,8,4,32,-,5,22,46,119,19,353,5,11,1,2,-
2023/2024,150,C. Lungoyi,1397,25,2,3,24,9,41,1,7,12,58,120,6,216,6,5,1,-,-
2023/2024,151,B. Bolla,1396,30,5,4,46,12,23,-,2,10,11,60,17,432,21,14,6,1,-
2023/2024,152,S. Camara,1389,25,1,-,8,2,21,1,5,24,16,116,35,550,1,23,-,1,-
2023/2024,153,M. Stevanović,1376,31,4,1,21,7,18,-,1,22,16,60,7,393,1,24,-,1,-
2023/2024,154,L. Benito,1357,16,2,1,6,2,18,-,3,14,2,66,38,765,2,23,1,5,-
2023/2024,155,M. Aké,1355,17,2,-,27,8,23,-,6,19,43,114,9,267,6,13,3,2,-
2023/2024,156,Ł. Łakomy,1347,29,2,4,28,11,31,-,3,17,10,67,11,477,12,17,1,2,-
2023/2024,157,S. Vladi,1342,30,6,2,51,17,24,-,5,4,26,58,14,179,-,-,9,-,-
2023/2024,158,S. Kalu,1320,21,3,2,61,18,22,-,2,13,22,110,19,309,16,7,4,-,-
2023/2024,159,D. Babunski,1294,30,4,1,37,11,24,-,3,9,24,131,81,189,1,2,8,-,-
2023/2024,160,J. Kadák,1293,29,4,-,42,12,20,-,6,11,19,62,15,287,11,6,7,-,-
2023/2024,161,F. Hoxha,1290,19,-,1,4,1,18,-,3,19,17,76,21,390,11,23,-,2,-
2023/2024,162,B. Dabanlı,1274,19,1,-,11,3,14,-,2,7,5,60,39,515,-,14,-,3,-
2023/2024,163,J. von Moos,1268,23,1,3,27,12,12,-,5,12,21,85,7,223,5,4,6,-,-
2023/2024,164,M. Kryeziu,1260,15,-,-,13,2,19,-,6,11,3,76,47,646,1,16,-,3,-
2023/2024,165,P. Schürpf,1252,27,4,1,26,8,23,-,1,10,28,110,58,284,4,6,7,-,-
2023/2024,166,M. Valenzuela,1252,18,2,1,3,2,17,-,6,22,12,70,10,566,10,12,-,6,-
2023/2024,167,C. Bedia,1247,17,10,3,43,28,22,-,5,1,25,72,21,138,1,3,6,1,-
2023/2024,168,L. Mulaj,1230,31,5,2,34,9,9,-,2,7,25,50,2,285,2,6,4,-,-
2023/2024,169,Đ. Jovanović,1229,19,2,2,28,6,9,-,2,2,12,47,25,202,2,1,5,1,-
2023/2024,170,H. Mahou,1219,23,-,2,27,10,16,-,4,17,29,92,6,393,3,15,2,1,-
2023/2024,171,B. Fink,1215,31,2,2,24,9,25,1,2,4,14,74,52,138,2,1,2,-,-
2023/2024,172,Christian Marques,1199,15,-,-,2,1,11,-,3,17,9,55,17,347,-,14,-,2,-
2023/2024,173,M. Abdallah,1195,26,-,1,3,1,15,-,5,14,10,61,14,390,3,10,1,1,-
2023/2024,174,N. Persson,1191,25,-,1,10,2,16,-,2,17,11,74,22,401,9,16,-,4,-
2023/2024,175,N. Gunnarsson,1184,20,-,1,2,-,11,1,4,9,15,42,13,357,-,10,-,1,-
2023/2024,176,K. Martin,1170,13,-,-,-,-,2,-,1,-,3,7,4,334,-,-,-,-,45
2023/2024,177,A. El Wafi,1169,17,1,-,7,3,12,-,4,7,8,43,17,660,2,6,-,4,-
2023/2024,178,H. Loucif,1165,26,1,3,14,4,7,-,3,24,9,78,10,281,17,12,1,2,-
2023/2024,179,G. Szalai,1150,14,-,-,6,1,17,-,6,8,4,48,28,486,-,18,-,4,-
2023/2024,180,S. Ballet,1147,17,5,3,42,13,44,-,6,24,41,122,12,228,8,7,4,1,-
2023/2024,181,Asumah Abubakar,1137,23,2,1,11,6,22,1,-,13,28,88,14,240,2,1,10,-,-
2023/2024,182,A. Mabil,1137,19,4,4,22,7,11,-,2,14,16,54,6,262,34,5,4,1,-
2023/2024,183,E. Colley,1136,24,3,4,26,12,15,-,1,11,26,72,7,289,6,9,4,-,-
2023/2024,184,D. Ulrich,1130,25,-,1,7,1,24,-,3,15,12,50,5,280,21,12,-,3,-
2023/2024,185,M. Dräger,1128,20,2,-,15,2,20,-,4,22,28,78,7,290,5,12,1,-,-
2023/2024,186,T. Schättin,1127,19,2,1,11,3,14,-,5,18,22,67,17,291,8,8,-,1,-
2023/2024,187,J. Frick,1125,13,-,-,-,-,-,-,-,1,3,5,3,235,-,-,-,1,37
2023/2024,188,M. Bottani,1105,21,1,4,22,7,10,-,2,6,17,56,3,397,7,4,2,-,-
2023/2024,189,Giovani Bamba,1097,22,1,-,8,2,24,-,7,14,12,79,15,364,-,18,1,-,-
2023/2024,190,A. Dante,1071,14,2,-,7,5,8,-,3,12,4,38,5,364,18,10,1,2,-
2023/2024,191,D. Douline,1065,18,2,-,16,6,28,-,4,29,18,106,29,390,-,20,-,3,-
2023/2024,192,B. Fofana,1065,21,3,2,25,6,9,-,2,3,22,55,8,132,2,1,5,-,-
2023/2024,193,J. Nsame,1036,18,9,1,40,19,16,-,-,3,5,53,42,187,-,-,8,2,-
2023/2024,194,J. Hadjam,1035,15,2,-,22,6,17,-,4,24,18,107,24,441,10,18,-,1,-
2023/2024,195,T. Corbeanu,1021,16,1,5,27,8,9,-,2,11,12,68,4,165,36,-,2,-,-
2023/2024,196,S. Pafundi,1009,17,1,2,27,9,9,-,2,8,24,63,-,327,18,7,-,1,-
2023/2024,197,D. Kamenović,1003,13,1,2,9,3,24,1,4,17,6,55,16,267,5,18,1,3,-
2023/2024,198,J. Gauto,1002,22,-,1,13,4,10,-,-,14,14,61,1,245,15,8,3,2,-
2023/2024,199,F. Lustenberger,988,18,2,-,3,3,9,-,3,8,20,57,23,645,-,16,-,3,-
2023/2024,200,A. Arigoni,982,15,-,-,10,1,12,-,1,12,13,53,17,345,-,9,2,3,-
2023/2024,201,K. Rüegg,972,20,-,1,9,-,14,-,4,22,1,54,8,322,11,16,1,1,-
2023/2024,202,D. Ouedraogo,965,13,-,-,1,-,11,-,4,18,4,46,7,399,-,23,1,-,-
2023/2024,203,A. Grbic,956,14,4,2,27,16,7,-,2,1,9,30,19,137,1,3,8,1,-
2023/2024,204,M. Olesen,952,17,-,1,7,1,10,-,-,9,7,30,5,214,6,2,-,2,-
2023/2024,205,Mauro Rodrigues,941,30,1,2,18,4,18,-,3,17,34,92,9,241,7,7,3,1,-
2023/2024,206,T. Klidje,939,22,4,3,39,15,7,-,4,4,22,66,29,98,2,3,20,-,-
2023/2024,207,C. Kablan,935,21,1,-,10,3,18,1,6,28,20,87,17,260,2,21,-,3,-
2023/2024,208,S. Chader,929,20,4,1,44,17,13,-,-,8,9,48,3,196,4,6,7,-,-
2023/2024,209,F. Danho,894,15,2,1,37,13,26,2,2,1,17,52,28,84,-,-,12,-,-
2023/2024,210,J. Adjetey,889,11,-,-,8,3,9,-,-,20,2,47,16,384,-,18,-,6,-
2023/2024,211,U. Garcia,882,14,1,5,15,3,13,-,2,16,8,64,22,377,22,11,-,2,-
2023/2024,212,L. Winkler,869,14,-,-,8,2,10,-,1,15,20,57,6,214,-,12,-,2,-
2023/2024,213,Y. Schmid,852,11,-,-,6,4,9,-,1,6,6,41,27,359,-,14,-,1,-
2023/2024,214,Martim Marques,849,12,1,-,9,3,12,1,1,12,3,34,6,212,9,12,-,-,-
2023/2024,215,V. Hamdiu,848,18,-,-,5,2,19,-,5,10,16,44,6,345,-,7,-,-,-
2023/2024,216,A. Baron,847,16,-,3,6,1,9,1,1,10,3,25,7,392,12,12,-,-,-
2023/2024,217,B. Kololli,845,15,1,-,20,11,4,-,1,3,19,46,11,217,4,1,4,-,-
2023/2024,218,B. Fazliji,839,12,1,-,17,6,8,-,3,6,9,54,5,314,-,4,-,-,-
2023/2024,219,L. Meyer,828,13,1,-,4,1,17,-,3,12,9,49,10,334,1,6,1,2,-
2023/2024,220,I. Beka,820,10,-,-,7,-,9,-,3,11,6,55,27,331,-,23,-,3,-
2023/2024,221,J. Augustin,816,18,2,-,23,10,13,-,2,3,18,50,7,110,-,5,2,-,-
2023/2024,222,N. Haas,801,22,-,1,6,2,13,-,5,10,13,43,4,356,3,12,-,1,-
2023/2024,223,T. Meyer,750,19,-,1,8,-,15,-,4,17,6,42,3,167,10,10,-,1,-
2023/2024,224,L. Lüthi,748,15,1,-,6,2,4,-,-,12,1,39,21,325,1,21,-,3,-
2023/2024,225,M. Heule,742,13,-,-,4,-,9,-,1,15,22,59,4,214,1,9,-,-,-
2023/2024,226,D. Corness,740,20,-,1,7,1,3,-,1,4,6,28,5,234,8,6,-,-,-
2023/2024,227,D. Bronn,734,11,-,-,6,2,3,1,1,3,8,24,8,238,-,9,-,3,-
2023/2024,228,R. Alves,727,20,1,1,11,6,14,-,2,18,3,63,13,163,6,2,1,-,-
2023/2024,229,I. Aliseda,718,16,-,-,15,4,4,-,-,6,15,38,3,249,1,2,2,-,-
2023/2024,230,G. Karlen,670,15,-,1,9,2,16,-,2,12,4,28,3,164,-,9,-,-,-
2023/2024,231,F. Rohner,663,24,2,2,8,4,14,-,5,8,4,37,12,91,8,4,3,-,-
2023/2024,232,S. Wallner,663,14,-,-,2,1,4,-,-,12,4,42,21,200,2,13,-,1,-
2023/2024,233,V. Damaşcan,649,16,2,1,19,6,12,-,2,1,10,27,10,108,-,1,7,-,-
2023/2024,234,B. Malula,643,13,-,-,4,2,11,-,1,10,6,32,12,261,-,5,1,-,-
2023/2024,235,T. Nishimura,637,14,3,-,22,9,9,-,1,4,7,38,22,109,2,2,2,-,-
2023/2024,236,A. Baroan,637,12,-,1,17,5,10,-,2,5,7,30,10,113,2,1,1,-,-
2023/2024,237,M. Kuster,630,7,-,-,-,-,1,-,-,-,-,2,2,149,-,-,-,1,22
2023/2024,238,T. Magnin,623,17,-,-,5,2,5,-,2,12,7,30,4,192,2,10,3,-,-
2023/2024,239,O. Doumbia,601,8,2,-,6,3,7,-,1,12,10,32,5,301,-,9,1,4,-
2023/2024,240,N. Lusuena,599,20,-,-,13,3,30,1,2,15,4,38,4,165,-,6,-,-,-
2023/2024,241,F. Schubert,582,24,3,1,20,5,14,-,6,4,8,34,14,89,-,3,3,-,-
2023/2024,242,I. Diakité,573,10,1,-,5,2,8,1,-,6,17,45,5,136,2,2,1,-,-
2023/2024,243,Arnau Comas,573,9,1,-,1,1,2,1,-,4,4,19,9,274,-,10,-,-,-
2023/2024,244,Y. Demir,566,11,-,1,13,4,9,-,2,8,11,46,3,170,10,2,-,-,-
2023/2024,245,N. Möller,558,19,1,1,12,3,10,-,2,2,3,41,31,105,-,-,1,-,-
2023/2024,246,M. Salvi,540,6,-,-,-,-,-,-,1,-,-,2,2,149,-,-,-,1,22
2023/2024,247,T. Castella,540,6,-,-,-,-,-,-,-,-,1,3,2,88,-,-,-,1,12
2023/2024,248,L. Bollati,538,10,-,-,2,-,7,-,3,8,8,24,-,89,4,13,-,2,-
2023/2024,249,G. Sigua,530,17,3,-,13,6,15,1,2,6,12,38,9,102,4,3,2,-,-
2023/2024,250,L. Obexer,517,9,-,-,7,-,7,-,3,14,9,43,4,156,-,1,-,-,-
2023/2024,251,A. Durrer,507,15,-,1,5,-,8,-,2,16,6,45,13,182,-,9,1,1,-
2023/2024,252,J. Mvuka,499,16,2,1,9,3,5,-,1,15,5,35,1,122,1,5,2,-,-
2023/2024,253,S. Gouet,492,9,-,-,5,1,4,-,1,3,2,10,2,174,1,2,-,-,-
2023/2024,254,Víctor Ruiz,489,13,1,1,9,3,8,-,1,5,8,33,3,162,2,4,1,-,-
2023/2024,255,P. Sutter,488,13,-,-,3,-,8,-,1,6,6,29,1,125,1,10,1,-,-
2023/2024,256,Jonathan Dubasin,459,10,2,1,6,4,5,-,1,3,6,21,4,155,1,-,-,-,-
2023/2024,257,R. Beney,458,13,1,-,20,7,11,1,1,2,11,37,11,68,3,7,2,-,-
2023/2024,258,J. Milošević,452,11,3,1,17,5,8,-,1,3,9,30,11,80,-,-,-,-,-
2023/2024,259,M. Malone,451,12,1,-,11,5,4,-,-,3,11,30,7,65,1,-,1,-,-
2023/2024,260,S. Breza,450,5,-,-,-,-,-,-,1,-,1,2,1,98,-,-,-,1,22
2023/2024,261,K. Ademi,442,15,1,1,9,3,6,-,1,2,8,24,7,77,-,1,2,-,-
2023/2024,262,M. Lang,430,11,-,-,3,1,3,-,-,4,8,25,9,139,2,7,1,-,-
2023/2024,263,A. Balde,430,5,2,-,23,9,5,-,2,3,3,23,3,64,1,3,3,-,-
2023/2024,264,A. Oko-Flex,424,17,2,-,8,5,7,-,-,5,6,38,3,97,4,1,2,-,-
2023/2024,265,M. Kempter,424,5,-,-,1,-,5,-,1,7,4,30,11,91,-,9,1,-,-
2023/2024,266,K. Spadanuda,414,14,-,1,3,1,12,-,2,5,8,32,2,109,-,3,1,-,-
2023/2024,267,T. Corbaz,413,19,-,-,5,1,5,-,2,2,5,16,2,150,-,3,1,-,-
2023/2024,268,R. Buess,371,13,2,-,13,6,13,-,3,1,9,26,11,72,1,1,2,-,-
2023/2024,269,K. Imeri,370,10,-,1,13,5,5,-,-,4,8,20,5,140,7,-,-,-,-
2023/2024,270,E. Essiam,370,10,-,-,2,-,9,-,1,11,6,43,4,141,-,4,-,1,-
2023/2024,271,G. Kyeremateng,366,12,1,1,6,5,5,-,-,2,4,13,5,44,-,1,3,-,-
2023/2024,272,N. Garcia,365,14,-,-,6,2,2,-,1,3,6,20,1,78,-,1,1,-,-
2023/2024,273,B. Beyer,310,6,-,1,4,-,7,-,1,5,2,13,3,44,5,1,2,-,-
2023/2024,274,V. Vidaković,307,10,-,-,1,-,1,-,1,7,6,24,6,99,-,4,1,-,-
2023/2024,275,E. Maurin,303,11,2,1,7,4,6,-,-,3,9,28,8,66,1,2,-,-,-
2023/2024,276,L. Millar,294,4,-,-,8,1,5,-,1,3,9,20,1,51,1,1,-,-,-
2023/2024,277,M. Eberhard,283,8,1,-,3,2,3,-,2,6,6,20,2,120,1,2,-,-,-
2023/2024,278,O. Batista Meier,280,8,-,-,6,3,3,-,1,1,4,12,-,76,5,-,-,-,-
2023/2024,279,F. Rieder,270,3,1,1,8,4,5,-,-,5,7,23,-,124,-,1,-,-,-
2023/2024,280,S. Berbic,270,3,-,-,-,-,-,-,-,-,-,1,1,65,-,-,-,-,8
2023/2024,281,W. Burger,270,3,-,1,7,3,6,-,1,4,5,20,5,91,2,1,-,-,-
2023/2024,282,A. Brown,270,3,-,-,3,1,8,-,-,5,5,24,6,67,2,2,-,-,-
2023/2024,283,R. Calafiori,253,3,-,-,3,-,4,-,-,5,4,18,4,76,2,6,-,-,-
2023/2024,284,D. Kameri,252,6,-,-,8,2,3,-,1,-,3,17,5,68,1,2,2,-,-
2023/2024,285,M. Araz,233,7,-,-,2,-,2,-,1,7,3,18,5,95,1,6,-,-,-
2023/2024,286,T. Suzuki,233,11,-,2,3,-,3,-,1,5,6,16,1,72,-,3,1,-,-
2023/2024,287,N. Reichmuth,231,9,1,-,5,3,13,-,2,8,7,25,2,57,2,4,-,-,-
2023/2024,288,M. Burch,225,3,-,-,2,-,3,-,-,3,4,8,1,79,-,2,-,1,-
2023/2024,289,S. Ramizi,224,15,-,3,9,3,4,-,3,2,4,9,1,90,3,1,1,-,-
2023/2024,290,M. Willimann,202,5,-,-,-,-,3,-,1,3,3,15,5,68,-,3,-,-,-
2023/2024,291,R. Dadashov,197,4,1,-,6,2,6,-,-,-,1,16,13,31,-,-,2,-,-
2023/2024,292,B. Babic,195,11,1,-,10,5,4,-,-,1,2,10,2,38,-,1,2,-,-
2023/2024,293,C. Ligue,187,8,-,-,5,2,4,-,1,1,1,5,3,25,1,-,-,-,-
2023/2024,294,A. Ajeti,183,5,1,1,6,2,3,-,-,1,4,6,-,35,-,-,1,1,-
2023/2024,295,F. Mambimbi,181,12,-,-,7,3,3,-,1,3,7,17,-,54,1,1,-,-,-
2023/2024,296,D. Ndoye,180,2,1,2,7,5,-,-,-,-,10,22,2,39,1,1,1,-,-
2023/2024,297,A. Krasniqi,179,9,1,-,5,2,10,-,-,4,3,16,-,34,-,-,1,-,-
2023/2024,298,M. Nanizayamo,176,5,-,-,-,-,3,-,-,4,-,7,1,46,-,-,-,1,-
2023/2024,299,Sergio López,172,5,-,1,1,1,2,-,-,4,-,9,1,97,1,-,-,-,-
2023/2024,300,S. Kukuruzović,170,11,-,1,4,-,4,-,1,1,2,9,2,108,3,1,-,-,-
2023/2024,301,I. Santini,169,21,-,-,3,-,11,-,1,2,6,33,26,49,1,1,3,-,-
2023/2024,302,M. Shabani,169,5,-,-,5,2,3,-,-,-,5,10,2,43,5,2,-,-,-
2023/2024,303,S. Grippo,163,7,-,-,2,1,3,-,-,4,1,7,2,82,-,6,-,-,-
2023/2024,304,M. Klepač,157,11,1,-,4,2,-,-,-,3,3,14,-,36,2,-,-,-,-
2023/2024,305,S. Diba,155,10,-,-,4,1,5,-,2,3,2,14,7,69,-,3,-,-,-
2023/2024,306,J. Zé,151,9,-,-,6,3,3,-,-,1,5,11,1,30,-,-,1,-,-
2023/2024,307,N. Djiga,143,4,-,-,-,-,3,-,-,3,-,10,5,73,-,6,-,-,-
2023/2024,308,N. Di Giusto,139,4,-,-,5,3,3,-,-,1,-,4,-,22,1,3,-,-,-
2023/2024,309,M. Hornschuh,138,12,-,2,-,-,2,-,-,5,2,11,3,45,-,5,-,-,-
2023/2024,310,H. Fargues,138,2,-,-,1,-,4,-,-,1,2,9,1,10,-,-,-,-,-
2023/2024,311,H. Touati,130,7,-,-,6,1,5,-,-,1,1,9,1,22,-,-,-,-,-
2023/2024,312,C. Konietzke,128,6,-,-,6,1,3,-,2,1,2,6,-,43,-,2,-,-,-
2023/2024,313,D. Schwizer,128,8,1,-,3,1,4,-,-,1,-,5,1,36,3,2,-,-,-
2023/2024,314,M. Chaiwa,107,3,-,-,-,-,1,-,1,2,-,9,4,37,-,1,-,-,-
2023/2024,315,M. Amoura,106,3,1,1,7,3,2,-,-,1,2,7,1,11,-,-,-,-,-
2023/2024,316,T. Coyle,104,12,1,-,6,3,1,-,-,3,2,10,4,25,-,-,-,-,-
2023/2024,317,Z. Hadji,102,5,-,-,-,-,1,1,-,-,1,8,3,19,-,1,-,-,-
2023/2024,318,E. Rastoder,101,6,-,-,1,-,2,-,-,1,3,9,5,25,-,2,3,-,-
2023/2024,319,S. Hodza,100,6,-,-,2,1,4,-,-,5,1,11,1,27,1,1,-,-,-
2023/2024,320,M. Kuttin,90,1,-,-,-,-,-,-,-,-,-,-,-,23,-,-,-,-,4
2023/2024,321,L. Watkowiak,90,1,-,-,-,-,-,-,2,-,-,1,1,26,-,-,-,1,2
2023/2024,322,V. Vasić,90,1,-,-,-,-,-,-,-,-,-,-,-,22,-,-,-,-,2
2023/2024,323,C. Tsawa,84,6,-,-,1,1,4,-,1,4,1,8,1,21,-,2,-,-,-
2023/2024,324,J. Onguéné,75,2,-,-,-,-,1,-,-,-,1,5,2,38,-,1,-,-,-
2023/2024,325,J. Nkama,72,6,-,-,1,-,1,1,-,1,1,8,3,36,1,2,-,-,-
2023/2024,326,A. Hunziker,67,3,1,-,4,2,1,-,-,-,1,6,4,12,-,-,-,-,-
2023/2024,327,J. Sabobo,64,2,-,-,1,-,2,-,-,2,2,6,1,4,-,-,-,-,-
2023/2024,328,D. Nigg,62,3,-,-,2,-,1,-,1,2,3,8,-,7,-,1,-,-,-
2023/2024,329,M. Akahomen,62,1,-,-,-,-,1,-,-,1,1,5,2,15,-,-,-,-,-
2023/2024,330,R. van der Venne,60,6,-,-,2,-,3,-,2,1,5,8,1,20,-,1,-,-,-
2023/2024,331,A. Onyegbule,59,1,-,-,-,-,1,-,-,2,1,4,1,9,-,1,-,-,-
2023/2024,332,P. Pflücke,58,3,1,-,2,1,2,-,1,-,-,-,-,13,1,3,-,-,-
2023/2024,333,A. Kayombo,58,2,-,-,4,1,2,-,1,1,-,2,1,6,1,-,-,-,-
2023/2024,334,L. Bajrami,57,2,-,-,1,1,1,-,-,-,-,3,3,9,-,-,-,-,-
2023/2024,335,R. Rodelin,54,6,1,-,2,1,-,-,-,1,2,5,2,28,1,-,-,-,-
2023/2024,336,S. Crnovrsanin,47,1,-,-,-,-,-,-,-,1,-,1,-,16,-,-,-,-,-
2023/2024,337,N. Lonwijk,45,1,-,-,-,-,-,-,-,3,-,5,2,10,-,1,-,-,-
2023/2024,338,D. Avdijaj,43,2,-,-,1,-,1,-,-,-,1,1,-,5,-,-,1,-,-
2023/2024,339,C. Abi,33,4,-,-,1,-,-,-,-,-,-,2,-,7,1,2,-,-,-
2023/2024,340,K. Przybyłko,32,3,1,-,4,1,-,-,-,1,-,1,-,15,-,-,1,-,-
2023/2024,341,S. Maroufi,29,2,-,-,-,-,2,-,-,1,-,3,-,12,-,-,-,-,-
2023/2024,342,J. Reynolds,22,1,-,-,-,-,-,-,-,1,-,2,1,12,-,-,-,-,-
2023/2024,343,J. Kury,19,1,-,1,-,-,-,-,-,-,1,1,-,7,1,-,-,-,-
2023/2024,344,I. Hegglin,18,1,-,-,-,-,-,-,-,-,-,1,1,7,-,-,-,-,-
2023/2024,345,Neftali Manzambi,17,1,-,-,-,-,-,-,-,-,-,3,2,3,-,1,1,-,-
2023/2024,346,E. Zukaj,13,2,-,-,-,-,-,-,-,-,-,1,1,11,-,-,-,-,-
2023/2024,347,L. Vishi,13,1,-,-,-,-,-,-,-,-,-,-,-,3,-,-,-,-,-
2023/2024,348,R. Morandi,12,1,-,-,-,-,-,-,-,1,-,1,-,1,-,1,-,-,-
2023/2024,349,N. Rupp,9,2,-,-,2,1,1,-,-,-,2,3,-,4,-,-,-,-,-
2023/2024,350,T. Ouattara,8,3,-,-,3,1,1,-,-,1,-,1,-,7,-,-,-,-,-
2023/2024,351,J. Janitzek,8,2,-,-,-,-,-,-,-,1,-,1,-,3,-,1,-,-,-
2023/2024,352,I. Parra,8,1,-,-,-,-,-,-,-,-,2,2,-,-,-,-,-,-,-
2023/2024,353,H. Vogel,6,1,-,-,-,-,-,-,-,-,-,-,-,2,1,-,-,-,-
2023/2024,354,S. Traore,6,2,-,-,-,-,-,-,-,-,-,-,-,4,-,-,1,-,-
2023/2024,355,J. Parente,5,1,-,-,-,-,1,-,-,-,-,-,-,2,-,-,-,-,-
2023/2024,356,L. Breedijk,4,1,-,-,-,-,-,-,-,-,-,-,-,3,-,-,-,-,-
2023/2024,357,C. Chiappetta,3,3,-,-,1,1,-,-,-,-,1,2,-,2,-,-,-,-,-
2023/2024,358,M. Gonçalves,3,1,-,-,1,-,-,-,-,-,-,-,-,-,-,-,-,-,-
2023/2024,359,S. Meyer,3,1,-,-,-,-,-,-,-,-,-,1,1,1,-,-,-,-,-
2022/2023,1,J. Frick,3150,35,-,1,-,-,1,-,1,1,5,17,11,733,-,-,-,11,99
2022/2023,2,Y. Brecher,3060,34,-,-,-,-,-,-,2,-,1,3,3,605,-,-,-,9,95
2022/2023,3,J. Sabbatini,3042,35,3,2,34,9,52,-,4,31,39,157,37,1314,8,41,1,7,-
2022/2023,4,M. Stevanović,3031,35,9,7,73,20,31,-,3,37,45,217,85,825,48,25,11,7,-
2022/2023,5,A. Jashari,3014,34,1,3,36,6,29,1,4,36,39,143,19,1211,7,31,1,5,-
2022/2023,6,Jordi Quintillà,3005,35,1,5,43,13,43,-,7,37,47,147,27,1336,57,31,1,4,-
2022/2023,7,P. Dorn,2985,34,4,6,43,12,36,-,4,38,45,172,25,717,18,21,7,6,-
2022/2023,8,O. Doumbia,2953,35,2,2,28,9,35,-,4,54,47,201,37,1324,2,41,1,7,-
2022/2023,9,L. Zigi,2899,33,-,-,-,-,3,2,3,1,8,15,7,573,-,1,-,4,108
2022/2023,10,D. Schmid,2857,34,-,1,27,6,34,-,6,36,26,148,51,736,34,56,1,2,-
2022/2023,11,N. Boranijašević,2844,33,-,4,27,2,27,-,8,47,40,175,21,736,30,37,-,7,-
2022/2023,12,H. Kawabe,2840,33,9,6,37,17,33,-,4,31,32,117,20,631,21,25,5,2,-
2022/2023,13,N. Lavanchy,2835,33,-,3,13,2,28,-,11,51,33,144,18,827,18,38,3,3,-
2022/2023,14,T. Cognat,2793,34,2,4,27,9,32,-,7,32,14,118,10,1079,32,53,2,3,-
2022/2023,15,M. Hitz,2790,32,-,-,1,-,1,-,3,-,7,12,6,728,-,3,-,6,85
2022/2023,16,B. Bolla,2763,33,2,3,37,6,44,-,8,40,18,132,12,770,20,32,2,2,-
2022/2023,17,A. Pelmard,2750,34,-,1,4,1,36,-,4,28,9,81,19,1390,1,36,4,6,-
2022/2023,18,A. Seko,2727,31,-,1,7,2,36,1,5,20,16,95,45,1057,-,44,-,4,-
2022/2023,19,M. Di Giusto,2718,35,6,2,67,16,15,-,2,25,29,114,1,662,32,21,4,1,-
2022/2023,20,C. Zesiger,2711,31,2,-,15,3,32,1,9,21,18,99,48,1688,2,45,-,10,-
2022/2023,21,L. Görtler,2613,30,9,6,67,24,44,1,11,29,53,148,22,922,20,27,2,2,-
2022/2023,22,L. Stergiou,2601,35,-,-,8,1,20,-,3,37,5,103,34,1134,-,54,-,2,-
2022/2023,23,M. Frýdek,2562,29,3,5,16,4,42,1,5,35,36,146,33,849,63,42,2,5,-
2022/2023,24,F. Rieder,2554,33,7,4,53,20,47,-,10,41,43,162,18,969,24,28,-,9,-
2022/2023,25,M. Valenzuela,2546,30,2,3,23,8,30,1,8,44,25,149,24,1046,15,36,-,5,-
2022/2023,26,P. Pflücke,2538,36,6,2,75,23,9,-,3,12,18,69,7,701,46,15,3,-,-
2022/2023,27,N. Beloko,2533,30,2,1,26,6,76,-,14,70,34,225,41,725,10,48,2,4,-
2022/2023,28,N. Vouilloz,2530,31,-,-,25,5,24,-,4,31,23,147,60,1089,-,43,-,9,-
2022/2023,29,H. Lindner,2520,28,-,-,-,-,-,-,1,-,1,11,9,631,-,-,-,4,86
2022/2023,30,A. Saipi,2520,28,-,-,-,-,1,-,4,-,6,13,9,644,-,-,-,6,85
2022/2023,31,A. Grgic,2472,31,2,2,30,9,26,-,6,24,27,110,25,1017,36,32,-,3,-
2022/2023,32,André Moreira,2455,28,-,-,-,-,-,-,3,-,2,7,4,662,-,1,-,3,101
2022/2023,33,L. Kamberi,2440,32,1,-,18,3,27,-,6,21,27,111,51,855,-,55,-,6,-
2022/2023,34,M. Maglica,2430,31,1,-,27,6,25,-,8,34,11,173,99,975,1,39,1,5,-
2022/2023,35,A. Diouf,2415,34,-,2,33,9,12,-,4,26,46,158,18,1027,6,16,-,6,-
2022/2023,36,Y. Severin,2401,28,2,-,11,4,19,-,1,22,9,83,34,942,2,33,2,8,-
2022/2023,37,M. Meyer,2386,29,11,5,63,24,14,1,7,24,43,104,7,994,49,15,-,1,-
2022/2023,38,K. Adams,2380,28,1,1,11,2,11,1,4,16,10,84,40,1487,-,38,2,5,-
2022/2023,39,Adrián Guerrero,2376,28,1,1,20,4,15,-,3,33,18,100,14,594,32,19,3,9,-
2022/2023,40,G. Lekaj,2369,27,-,-,8,1,23,-,7,17,6,77,42,755,-,40,-,5,-
2022/2023,41,F. Aliti,2361,29,-,2,11,-,32,-,10,35,44,126,36,608,12,38,3,6,-
2022/2023,42,G. Clichy,2323,27,1,1,9,2,18,-,4,23,16,102,34,970,12,44,-,6,-
2022/2023,43,M. Araz,2318,31,2,2,20,6,36,-,9,27,18,96,22,790,2,39,3,3,-
2022/2023,44,N. Saintini,2294,27,-,1,12,3,16,-,4,19,12,101,50,886,-,27,-,4,-
2022/2023,45,D. Ndoye,2292,32,4,-,61,19,28,-,6,27,80,215,11,530,12,10,9,2,-
2022/2023,46,C. Conde,2287,30,1,1,17,3,54,-,12,58,35,268,91,768,4,60,1,6,-
2022/2023,47,N. Loosli,2276,30,1,1,13,3,19,2,4,15,5,88,46,846,-,45,1,2,-
2022/2023,48,J. Guillemenot,2256,32,11,7,72,36,32,-,6,23,55,132,35,301,1,7,8,1,-
2022/2023,49,M. Müller,2250,25,-,-,1,-,-,-,4,-,3,6,3,547,-,-,-,4,78
2022/2023,50,R. Ziegler,2205,25,2,4,6,3,20,-,5,14,11,71,34,995,29,35,2,3,-
2022/2023,51,Z. Amdouni,2193,32,12,4,73,33,20,-,1,19,35,155,41,545,4,7,-,1,-
2022/2023,52,M. Burch,2173,25,3,1,24,12,18,-,5,17,31,126,58,886,-,38,-,4,-
2022/2023,53,A. Marchesano,2162,33,2,4,55,15,35,-,2,18,39,108,9,477,26,11,11,3,-
2022/2023,54,Baltazar Costa,2139,26,-,1,10,2,30,1,9,24,14,94,29,734,5,38,-,2,-
2022/2023,55,M. Dräger,2125,31,3,1,37,14,19,2,4,16,27,90,11,546,14,15,5,1,-
2022/2023,56,Tomás Ribeiro,2116,27,3,1,15,4,18,-,7,18,20,94,39,832,3,31,-,3,-
2022/2023,57,Y. Schmid,2115,24,-,-,10,3,19,-,3,13,16,87,55,852,-,30,2,3,-
2022/2023,58,R. Steffen,2114,28,7,7,44,17,23,-,10,16,42,104,8,716,48,11,8,3,-
2022/2023,59,C. Fassnacht,2085,29,8,4,67,21,31,-,5,37,6,113,31,508,4,24,4,2,-
2022/2023,60,R. Buess,2084,34,6,3,33,9,42,-,4,7,49,114,49,316,1,3,6,1,-
2022/2023,61,R. Dadashov,2079,34,8,5,53,25,59,-,11,16,60,176,49,293,2,4,5,1,-
2022/2023,62,Ž. Celar,2074,30,16,2,90,36,18,-,3,3,21,69,30,246,1,2,23,-,-
2022/2023,63,L. Blum,2056,31,1,2,12,3,35,-,7,25,20,93,18,630,34,26,2,2,-
2022/2023,64,F. Daprelà,2025,25,-,-,4,1,21,1,5,9,22,83,44,851,1,21,1,5,-
2022/2023,65,B. Stillhart,2008,26,3,-,20,8,20,1,4,31,14,114,54,912,9,40,1,4,-
2022/2023,66,S. Diaby,1993,30,-,1,10,2,24,1,5,35,13,102,17,524,8,42,3,5,-
2022/2023,67,U. Garcia,1978,27,1,7,39,7,24,1,4,31,18,122,27,862,36,19,2,4,-
2022/2023,68,D. Poha,1972,30,1,2,29,10,30,1,5,23,19,90,19,815,17,32,1,1,-
2022/2023,69,S. Ramizi,1971,25,5,-,34,10,25,1,11,22,29,102,11,550,10,23,1,1,-
2022/2023,70,W. Burger,1968,30,4,-,39,17,33,2,8,34,28,139,52,904,6,23,1,4,-
2022/2023,71,D. Simani,1964,22,-,-,9,1,21,2,8,23,10,92,46,658,-,34,2,3,-
2022/2023,72,M. Lang,1953,27,1,3,11,5,21,1,4,17,9,67,23,888,17,15,1,2,-
2022/2023,73,C. Witzig,1948,32,3,3,34,5,29,-,5,37,32,130,9,520,6,18,-,-,-
2022/2023,74,N. Katić,1946,22,1,-,17,5,20,-,7,22,18,117,61,730,-,30,-,7,-
2022/2023,75,R. Gelmi,1930,23,-,-,6,1,13,-,5,12,17,59,18,568,-,28,-,5,-
2022/2023,76,I. Schmidt,1911,29,2,3,12,2,26,2,5,47,32,163,20,677,3,39,2,3,-
2022/2023,77,R. Arnold,1911,28,-,-,9,1,30,-,8,24,9,108,49,527,-,32,-,2,-
2022/2023,78,A. Tosin,1905,27,12,1,65,28,21,-,2,13,26,93,20,277,3,4,10,-,-
2022/2023,79,J. Ardaiz,1900,31,5,3,38,16,25,-,-,14,14,130,76,224,5,2,13,2,-
2022/2023,80,J. Nsame,1892,33,21,4,70,33,27,-,4,5,16,99,65,294,2,3,20,-,-
2022/2023,81,P. Schürpf,1887,30,5,5,58,21,39,1,4,18,25,126,62,413,11,13,12,-,-
2022/2023,82,M. Elia,1887,31,7,2,55,28,13,1,2,14,16,68,7,299,12,3,19,3,-
2022/2023,83,E. Latte Lath,1854,31,14,3,75,31,30,-,5,14,33,157,66,234,2,6,9,-,-
2022/2023,84,A. Arigoni,1828,26,1,3,12,1,24,-,10,20,16,86,17,716,4,21,5,4,-
2022/2023,85,M. Kuster,1800,20,-,-,-,-,-,-,-,-,5,7,1,374,-,-,-,3,65
2022/2023,86,F. Lustenberger,1794,26,-,1,6,-,12,-,5,21,27,98,37,1139,-,30,-,7,-
2022/2023,87,A. Abrashi,1779,27,-,-,8,1,35,-,8,18,38,95,18,546,4,23,1,1,-
2022/2023,88,I. Chouaref,1767,32,1,-,30,11,25,-,3,29,62,179,19,333,15,13,2,-,-
2022/2023,89,F. Ugrinic,1760,29,1,3,44,11,31,-,3,27,23,95,3,602,23,15,-,4,-
2022/2023,90,G. Morandi,1755,32,2,5,24,12,18,-,2,11,23,82,23,303,8,6,4,-,-
2022/2023,91,D. Kutesa,1754,29,3,7,47,17,16,-,3,15,20,88,8,319,6,3,3,-,-
2022/2023,92,D. Cavaré,1753,24,1,1,8,1,21,1,5,22,7,120,46,647,3,22,-,3,-
2022/2023,93,I. Beka,1752,22,1,1,22,3,23,-,9,20,12,125,68,748,-,53,1,3,-
2022/2023,94,Itaitinga,1743,28,4,2,43,13,16,-,2,14,35,161,68,314,3,5,3,-,-
2022/2023,95,T. Ndenge,1743,27,4,1,17,7,17,-,4,23,34,108,30,533,-,53,3,1,-
2022/2023,96,D. Males,1738,28,4,7,32,11,20,-,6,9,50,83,9,412,31,7,7,2,-
2022/2023,97,C. Herc,1738,32,5,3,30,14,39,-,9,27,26,103,25,517,5,26,3,2,-
2022/2023,98,J. Okita,1725,29,7,3,62,32,28,1,3,7,9,91,18,312,9,2,23,2,-
2022/2023,99,B. Krasniqi,1703,32,1,1,22,5,20,1,1,8,37,91,5,509,9,7,-,-,-
2022/2023,100,R. Calafiori,1691,23,-,1,14,2,31,1,5,24,23,112,25,825,6,38,1,5,-
2022/2023,101,C. Niasse,1691,26,-,1,10,4,21,-,7,33,26,120,36,718,2,49,-,5,-
2022/2023,102,B. Omeragić,1679,23,-,-,10,2,15,1,2,20,15,85,29,610,1,24,-,2,-
2022/2023,103,C. Itten,1678,31,19,4,82,42,38,1,3,4,26,91,43,236,3,4,14,1,-
2022/2023,104,J. Schmied,1671,24,1,-,8,6,19,-,4,25,9,79,31,570,1,42,2,1,-
2022/2023,105,M. Gonçalves,1667,26,-,1,3,-,30,-,7,19,16,62,8,385,8,34,1,4,-
2022/2023,106,A. Zeqiri,1648,30,11,-,75,31,36,-,3,7,30,78,27,189,-,1,18,-,-
2022/2023,107,A. Racioppi,1646,19,-,-,-,-,-,-,-,1,2,12,4,453,-,-,-,5,49
2022/2023,108,P. Sutter,1626,24,-,2,14,3,21,-,2,26,26,90,9,435,2,29,4,2,-
2022/2023,109,T. Schättin,1616,26,-,-,5,1,21,-,2,22,17,77,24,440,9,17,-,1,-
2022/2023,110,S. Rouiller,1573,22,1,-,8,1,18,1,4,17,13,68,32,785,-,28,1,5,-
2022/2023,111,C. Bedia,1544,23,12,2,53,26,22,-,4,7,22,94,29,160,-,4,6,-,-
2022/2023,112,A. Gantenbein,1501,23,-,2,10,3,18,-,3,31,22,90,12,413,4,32,1,2,-
2022/2023,113,N. Burkart,1499,24,3,1,16,6,15,-,3,18,29,89,20,163,5,19,3,-,-
2022/2023,114,C. Akolo,1494,32,7,5,61,20,10,-,1,7,12,66,19,308,13,3,9,1,-
2022/2023,115,K. Hajrizi,1491,19,1,-,11,1,33,-,8,18,34,104,39,715,-,24,1,2,-
2022/2023,116,D. Douline,1480,18,1,-,16,3,22,-,7,33,32,137,38,463,1,31,-,3,-
2022/2023,117,P. Pušić,1461,34,5,6,28,7,22,-,4,6,7,25,4,498,25,5,1,-,-
2022/2023,118,M. Bottani,1457,26,1,2,24,5,13,1,-,7,26,80,7,526,11,15,-,-,-
2022/2023,119,L. Millar,1450,26,-,1,28,9,23,-,4,15,21,98,19,379,23,17,2,1,-
2022/2023,120,F. Frei,1435,23,1,3,13,3,10,1,4,18,8,47,10,714,21,25,-,1,-
2022/2023,121,U. Bislimi,1426,30,2,-,16,5,20,-,3,25,23,82,12,618,4,8,1,-,-
2022/2023,122,Sergio López,1414,21,1,1,5,3,5,-,3,14,8,60,9,604,17,13,2,1,-
2022/2023,123,T. Xhaka,1413,20,-,3,9,3,29,1,8,14,20,65,13,683,11,15,1,-,-
2022/2023,124,I. Aliseda,1412,23,8,2,36,16,4,-,-,4,24,83,12,495,4,4,2,1,-
2022/2023,125,K. Imeri,1401,27,5,3,34,13,22,-,-,16,33,84,15,535,25,10,1,3,-
2022/2023,126,G. Sio,1399,27,9,-,48,16,26,1,5,6,22,74,29,301,3,6,16,-,-
2022/2023,127,Asumah Abubakar,1385,28,3,2,25,13,26,-,3,7,26,92,7,244,3,4,14,1,-
2022/2023,128,L. Mai,1385,19,-,-,6,1,7,-,1,26,4,88,42,729,1,15,-,3,-
2022/2023,129,K. Mbabu,1371,16,-,3,12,-,24,1,2,26,19,118,25,431,22,21,-,4,-
2022/2023,130,A. Vallci,1335,22,-,-,14,-,18,-,8,20,14,92,39,488,6,9,-,1,-
2022/2023,131,S. Lauper,1329,20,2,2,21,4,21,-,1,19,3,68,19,618,1,24,-,5,-
2022/2023,132,D. von Ballmoos,1324,15,-,1,-,-,-,-,-,-,-,2,1,381,-,-,-,6,46
2022/2023,133,E. Abedini,1321,27,-,-,8,-,17,-,4,12,11,54,20,502,1,16,-,1,-
2022/2023,134,W. Cyprien,1319,18,3,-,26,5,16,1,5,11,18,58,10,510,11,10,3,-,-
2022/2023,135,D. Sorgić,1317,23,8,-,25,16,18,-,-,16,15,59,6,217,2,4,8,-,-
2022/2023,136,D. Guindo,1305,15,1,2,14,6,12,-,3,18,16,63,13,463,12,36,-,1,-
2022/2023,137,T. Corbaz,1301,27,-,2,7,-,20,-,5,17,14,51,8,271,1,22,1,-,-
2022/2023,138,A. Antunes,1292,28,2,1,26,9,30,-,4,16,24,91,13,330,6,13,3,-,-
2022/2023,139,J. von Moos,1272,21,4,5,48,14,15,1,3,18,8,81,9,231,6,3,6,-,-
2022/2023,140,R. Macek,1250,29,-,8,12,4,10,-,3,18,14,55,8,551,10,19,1,-,-
2022/2023,141,K. Bua,1247,28,1,3,22,7,27,-,4,7,18,58,8,289,7,5,4,-,-
2022/2023,142,A. Baron,1205,17,-,3,4,1,4,-,-,17,5,47,11,581,9,20,-,5,-
2022/2023,143,A. Hajdari,1182,18,-,-,6,2,11,-,7,7,13,61,27,559,-,21,1,2,-
2022/2023,144,M. Balotelli,1170,18,6,-,53,19,20,-,9,2,35,74,16,230,2,2,2,-,-
2022/2023,145,Arnau Comas,1115,13,2,1,6,3,22,-,5,10,7,35,13,619,1,20,-,5,-
2022/2023,146,S. Chader,1097,21,4,2,50,20,27,2,2,9,12,58,4,241,4,5,6,-,-
2022/2023,147,R. Rodelin,1096,24,1,2,29,7,9,-,2,10,16,81,31,348,3,5,9,1,-
2022/2023,148,F. Stojilković,1087,18,5,1,28,14,13,-,3,5,7,21,3,98,1,2,11,-,-
2022/2023,149,Guilherme Schettine,1076,19,6,2,33,17,23,-,6,6,12,55,23,185,3,2,10,-,-
2022/2023,150,B. Džemaili,1071,21,5,1,29,15,13,-,6,13,34,81,8,370,13,11,1,-,-
2022/2023,151,M. Amoura,1070,31,8,4,45,16,22,-,2,18,20,94,18,198,11,15,7,-,-
2022/2023,152,F. Rodríguez,1064,23,2,-,27,10,21,-,4,15,10,68,17,308,18,15,3,1,-
2022/2023,153,A. Amenda,1056,16,-,-,6,-,11,-,2,9,6,62,40,637,1,18,-,2,-
2022/2023,154,M. Shabani,1056,26,3,-,19,8,25,1,2,25,37,116,10,270,3,6,3,-,-
2022/2023,155,I. Mathew,1053,13,2,-,11,4,16,-,3,20,12,56,4,395,2,20,1,3,-
2022/2023,156,B. Fink,1051,25,5,-,28,12,17,-,2,-,11,38,20,146,1,1,9,1,-
2022/2023,157,M. Kryeziu,1019,14,1,-,10,2,13,1,7,9,6,47,25,440,-,12,1,1,-
2022/2023,158,L. Benito,1008,19,-,4,-,-,9,-,1,18,2,42,11,442,15,14,2,2,-
2022/2023,159,M. Camara,986,12,-,-,5,-,12,-,2,9,2,39,20,516,-,15,-,4,-
2022/2023,160,T. Fayulu,976,11,-,-,-,-,-,-,2,-,4,5,2,172,-,-,-,3,33
2022/2023,161,M. Diallo,970,15,-,-,3,-,8,-,4,16,11,60,12,283,5,22,2,3,-
2022/2023,162,H. Kryeziu,948,23,-,2,2,-,19,-,3,9,14,43,5,235,1,16,-,1,-
2022/2023,163,H. Mahou,942,18,1,2,18,5,14,1,3,12,26,79,15,264,6,7,1,1,-
2022/2023,164,O. Selnæs,902,16,-,1,-,-,11,-,5,13,10,41,10,408,10,12,-,2,-
2022/2023,165,J. Monteiro,902,28,1,2,25,9,27,-,1,7,4,56,21,142,3,2,5,1,-
2022/2023,166,F. Rohner,853,27,1,-,24,6,15,1,3,5,7,34,8,111,6,3,1,-,-
2022/2023,167,J. Augustin,848,20,3,1,15,6,16,-,6,5,27,57,8,145,-,1,5,-,-
2022/2023,168,G. Margreitter,838,17,-,-,3,-,3,-,1,1,10,33,19,367,-,8,-,1,-
2022/2023,169,J. Espinoza,837,16,-,4,5,1,4,-,2,14,10,44,8,304,6,9,2,1,-
2022/2023,170,S. Ottiger,836,12,-,1,12,5,10,-,3,11,1,33,9,177,9,9,2,-,-
2022/2023,171,K. Mets,816,13,-,-,3,2,2,-,1,3,3,27,17,436,-,14,-,4,-
2022/2023,172,V. Sierro,793,15,1,-,12,4,18,-,1,14,13,66,16,349,9,9,1,1,-
2022/2023,173,S. Ltaief,790,21,1,-,20,6,14,-,4,20,21,91,3,174,2,3,2,-,-
2022/2023,174,G. Karlen,785,20,3,-,16,8,10,-,-,10,9,44,8,133,2,5,-,-,-
2022/2023,175,J. Hammel,785,9,-,-,-,-,-,-,-,-,-,2,2,239,-,-,-,1,30
2022/2023,176,B. Céspedes,764,17,-,-,8,1,17,1,4,9,6,42,18,291,1,19,-,-,-
2022/2023,177,S. Ballet,761,20,1,-,13,4,27,-,5,8,15,75,1,133,1,18,-,-,-
2022/2023,178,L. Zuffi,749,20,1,1,2,1,6,-,1,9,7,36,11,234,2,6,-,-,-
2022/2023,179,A. Kade,741,18,-,2,15,3,13,-,-,17,13,49,4,155,3,15,3,-,-
2022/2023,180,D. Iapichino,739,15,-,1,1,-,13,-,1,12,7,39,5,247,9,6,-,-,-
2022/2023,181,T. Valls,730,26,3,2,14,8,5,-,2,6,14,53,13,307,15,8,1,-,-
2022/2023,182,P. Loretz,720,8,-,-,-,-,1,-,1,-,1,2,1,158,-,-,-,2,24
2022/2023,183,B. Babic,712,26,2,1,18,5,14,-,3,2,14,35,8,106,1,-,11,-,-
2022/2023,184,D. Rrudhani,703,25,-,3,30,7,15,-,1,12,15,46,7,170,8,3,2,-,-
2022/2023,185,M. Kempter,702,10,-,-,10,2,7,-,1,15,16,57,7,182,3,12,-,-,-
2022/2023,186,M. Haile-Selassie,688,15,1,3,12,7,12,-,1,4,13,33,5,229,10,2,4,-,-
2022/2023,187,M. Hornschuh,682,19,1,-,2,2,12,-,1,9,7,48,29,214,-,11,-,1,-
2022/2023,188,M. Bauer,662,10,1,-,1,1,5,-,1,6,5,19,5,157,4,11,-,2,-
2022/2023,189,S. Demhasaj,635,13,3,2,16,9,9,-,1,7,5,28,8,48,2,3,6,-,-
2022/2023,190,S. Osigwe,630,7,-,-,-,-,-,-,-,-,2,3,3,152,-,-,-,1,17
2022/2023,191,L. Jaquez,598,10,-,-,3,-,7,-,1,2,1,18,15,214,-,10,-,-,-
2022/2023,192,T. Hara,588,12,-,-,3,-,7,-,-,3,5,20,9,115,1,8,-,-,-
2022/2023,193,Neftali Manzambi,575,19,-,2,16,4,13,-,1,4,13,35,18,70,1,3,2,-,-
2022/2023,194,K. Rüegg,573,10,-,1,-,-,8,-,1,10,6,36,1,203,-,11,-,-,-
2022/2023,195,B. Fofana,569,22,3,1,28,8,5,-,-,-,11,33,3,57,3,-,7,-,-
2022/2023,196,H. Mahmoud,553,19,1,-,13,3,19,1,4,8,7,41,5,210,-,4,1,-,-
2022/2023,197,L. Dajaku,541,12,-,-,16,2,7,2,1,5,8,42,2,119,-,2,2,-,-
2022/2023,198,E. Crivelli,529,19,4,1,17,9,11,1,3,1,5,44,37,83,-,2,-,-,-
2022/2023,199,J. Kadák,519,10,1,-,20,4,2,-,1,4,9,31,5,130,4,2,-,-,-
2022/2023,200,L. Villiger,515,11,1,1,10,2,9,-,3,2,10,32,16,58,-,-,1,-,-
2022/2023,201,Hugo Novoa,493,12,1,1,3,1,9,-,-,8,9,28,3,102,6,1,-,-,-
2022/2023,202,R. Šimić,491,16,4,1,15,8,12,-,5,3,7,36,17,74,-,6,-,-,-
2022/2023,203,K. Halabaku,487,20,-,1,7,3,10,-,1,5,9,37,4,89,2,4,1,-,-
2022/2023,204,F. Momoh,487,11,1,4,8,4,8,-,2,1,6,35,16,58,-,1,4,-,-
2022/2023,205,R. Alves,483,13,-,2,13,2,7,-,2,6,2,22,5,134,4,7,-,-,-
2022/2023,206,A. Safarikas,471,6,-,-,-,-,-,-,-,2,-,3,1,85,-,-,-,-,14
2022/2023,207,J. Pukaj,464,6,-,-,-,-,-,-,-,-,2,2,-,73,-,-,-,-,12
2022/2023,208,G. Karlen,463,19,-,-,13,4,9,-,4,2,7,19,5,68,-,2,5,-,-
2022/2023,209,M. Salvi,450,6,-,-,-,-,-,-,-,-,1,1,-,103,-,1,-,1,15
2022/2023,210,F. de Carvalho,449,18,1,-,7,2,2,-,-,3,4,27,3,58,3,3,3,-,-
2022/2023,211,S. Seiler,428,13,1,1,2,1,8,-,4,6,9,33,3,158,-,6,-,-,-
2022/2023,212,F. Schubert,408,8,3,-,23,11,6,-,1,5,5,24,12,68,-,1,-,-,-
2022/2023,213,F. Kamberi,404,13,1,-,9,3,11,-,2,1,5,23,14,81,1,-,6,-,-
2022/2023,214,Q. Maceiras,401,7,-,-,-,-,5,-,1,7,3,25,4,136,6,7,-,-,-
2022/2023,215,R. Schneider,400,14,-,-,8,1,14,-,-,4,7,24,1,116,2,1,-,-,-
2022/2023,216,N. Ngamaleu,400,7,1,-,12,4,7,-,1,3,5,27,1,141,1,5,-,1,-
2022/2023,217,N. Katterbach,395,6,-,-,4,1,2,-,-,11,3,31,7,158,3,2,-,-,-
2022/2023,218,W. Gnonto,393,6,-,-,11,3,10,-,2,-,15,24,3,74,1,3,1,-,-
2022/2023,219,T. Klidje,385,14,-,-,13,7,4,-,1,6,4,25,11,55,-,3,9,-,-
2022/2023,220,G. Diouf,370,6,-,-,4,3,12,1,1,6,6,24,3,75,-,7,-,-,-
2022/2023,221,W. Geubbels,368,17,2,-,13,5,9,-,3,1,-,16,9,73,1,-,2,-,-
2022/2023,222,Li Lei,364,6,-,-,-,-,5,-,1,5,4,13,4,104,-,8,-,-,-
2022/2023,223,D. Avdijaj,349,7,-,-,2,-,5,-,2,8,4,25,2,76,-,-,2,-,-
2022/2023,224,S. Diba,345,15,-,2,3,1,9,-,2,8,3,34,16,150,-,7,-,2,-
2022/2023,225,L. Watkowiak,338,4,-,-,-,-,-,-,1,-,-,-,-,62,-,-,-,1,18
2022/2023,226,Y. Fortuné,319,7,1,-,7,3,3,-,1,1,8,30,9,50,-,3,-,-,-
2022/2023,227,C. Gentner,314,10,1,1,10,3,-,-,1,4,3,13,3,125,1,6,2,-,-
2022/2023,228,Nadjack,311,7,-,-,1,-,8,-,1,1,4,14,5,74,1,5,-,-,-
2022/2023,229,M. Diambou,309,13,-,-,4,1,4,-,1,8,3,17,1,87,-,4,-,-,-
2022/2023,230,V. Vasić,270,3,-,-,-,-,-,-,-,-,-,-,-,59,-,-,-,-,5
2022/2023,231,M. Keller,270,3,-,-,-,-,-,-,-,-,-,-,-,95,-,-,-,1,4
2022/2023,232,I. Santini,267,11,-,-,7,-,9,1,4,1,6,19,11,26,-,2,3,-,-
2022/2023,233,A. Zagré,266,6,-,-,6,1,9,1,-,1,4,22,12,25,-,-,2,-,-
2022/2023,234,F. Moubandje,256,4,-,-,3,-,3,-,1,2,-,9,4,120,1,3,-,-,-
2022/2023,235,K. Fickentscher,249,3,-,-,-,-,-,-,-,-,-,1,1,35,-,-,-,-,7
2022/2023,236,M. Chaiwa,240,6,-,-,2,-,4,-,1,3,2,9,1,53,1,5,-,-,-
2022/2023,237,S. Hodza,235,6,-,-,4,1,1,-,1,4,2,12,-,51,2,2,-,-,-
2022/2023,238,T. Magnin,224,8,-,-,1,-,2,-,1,2,1,8,1,79,4,3,-,-,-
2022/2023,239,S. Guidotti,219,9,-,1,8,1,4,-,1,4,2,15,4,76,1,1,-,-,-
2022/2023,240,N. Holenstein,219,8,1,-,3,1,6,-,1,9,1,15,1,57,1,3,-,-,-
2022/2023,241,D. Kacuri,213,13,1,-,3,1,1,-,-,-,6,15,7,82,-,4,-,-,-
2022/2023,242,H. Touati,210,11,2,1,9,5,5,-,1,3,3,19,1,31,8,-,-,-,-
2022/2023,243,L. Emini,201,6,-,-,4,1,3,-,2,6,2,11,2,88,5,-,-,-,-
2022/2023,244,A. Durrer,193,4,-,1,2,-,2,-,-,1,1,12,6,92,-,2,-,-,-
2022/2023,245,L. Meyer,185,4,-,-,-,-,2,-,-,3,2,16,3,51,2,4,-,-,-
2022/2023,246,B. Viunnyk,182,7,-,-,8,3,4,-,-,1,5,15,6,36,-,-,2,-,-
2022/2023,247,Ž. Kostadinović,180,2,-,-,-,-,-,-,1,-,-,-,-,26,-,-,-,1,5
2022/2023,248,N. Ndombasi,174,11,-,-,7,2,1,-,-,2,9,21,1,78,1,1,-,-,-
2022/2023,249,W. Kanga,165,2,3,1,7,5,2,-,1,1,2,6,1,26,-,1,-,-,-
2022/2023,250,Víctor Ruiz,161,2,-,-,3,-,4,-,-,6,2,11,-,61,2,2,-,-,-
2022/2023,251,Jeong Sang-Bin,147,7,-,-,4,1,-,-,1,-,1,6,2,20,-,-,2,-,-
2022/2023,252,C. Ligue,146,9,1,-,3,1,5,-,1,-,-,9,4,27,-,1,-,-,-
2022/2023,253,C. Chiappetta,146,6,-,-,5,-,2,-,-,-,2,10,-,17,-,2,1,-,-
2022/2023,254,H. Vogel,144,3,-,-,-,-,2,-,1,1,-,5,-,50,1,1,-,-,-
2022/2023,255,Á. Szalai,142,5,-,-,7,3,-,-,-,-,-,4,2,23,-,-,-,-,-
2022/2023,256,B. Kimpioka,139,6,1,-,3,1,4,-,-,-,2,8,3,14,-,1,2,-,-
2022/2023,257,J. Lefort,139,2,-,1,-,-,1,-,-,-,-,4,1,53,7,5,-,-,-
2022/2023,258,E. Essiam,137,4,-,-,2,1,4,-,-,2,1,11,-,63,-,3,-,-,-
2022/2023,259,Diogo Monteiro,137,3,-,-,-,-,4,-,1,1,1,6,3,74,1,2,1,1,-
2022/2023,260,S. Campo,135,9,-,-,2,1,2,-,-,4,1,8,1,49,4,-,-,-,-
2022/2023,261,M. Facchinetti,135,9,-,-,2,1,2,-,1,1,-,6,3,59,1,1,-,-,-
2022/2023,262,K. Sène,112,5,-,1,4,3,4,-,-,1,1,5,1,16,1,-,1,-,-
2022/2023,263,J. Nkama,102,3,-,-,-,-,1,-,-,-,1,7,3,46,1,2,-,-,-
2022/2023,264,I. Ndiaye,100,3,-,-,4,1,1,-,-,-,1,7,4,16,1,3,-,-,-
2022/2023,265,M. Akahomen,91,2,-,-,-,-,-,-,-,-,-,1,-,26,-,2,-,-,-
2022/2023,266,N. Djiga,90,1,-,-,2,-,2,-,1,-,-,5,5,94,-,3,-,-,-
2022/2023,267,E. Omeragic,90,1,-,-,-,-,-,-,-,-,-,-,-,16,-,-,-,-,4
2022/2023,268,S. Berbic,90,1,-,-,-,-,-,-,-,-,-,1,1,21,-,-,-,1,2
2022/2023,269,D. Oberlin,86,4,-,-,-,-,4,-,1,-,2,6,1,11,-,1,1,-,-
2022/2023,270,N. Toggenburger,75,4,-,-,1,-,1,-,-,1,2,5,-,4,-,-,-,-,-
2022/2023,271,M. Willimann,73,1,-,-,-,-,-,-,-,2,1,5,1,12,-,2,-,-,-
2022/2023,272,A. Gogia,62,2,-,-,3,-,4,-,1,-,-,1,-,17,1,-,-,-,-
2022/2023,273,V. Tasar,61,3,-,1,-,-,3,-,1,2,2,7,-,8,-,-,-,-,-
2022/2023,274,A. Padula,58,2,-,-,-,-,-,-,-,1,-,3,-,33,-,2,-,-,-
2022/2023,275,A. Jankewitz,58,3,-,-,-,-,1,-,-,1,4,6,-,15,-,1,-,-,-
2022/2023,276,A. Kräuchi,57,5,-,-,1,1,-,-,-,1,2,6,1,18,-,3,-,-,-
2022/2023,277,A. Besio,47,4,-,-,2,-,-,-,-,1,-,7,2,12,-,-,-,-,-
2022/2023,278,L. Breedijk,47,6,1,-,2,1,1,-,-,3,-,7,2,11,-,2,-,-,-
2022/2023,279,R. Fernandes,45,1,-,-,1,-,2,-,-,-,-,-,-,12,-,1,-,-,-
2022/2023,280,A. Dias,45,3,-,-,2,1,-,-,-,-,-,-,-,4,-,-,1,-,-
2022/2023,281,V. Behrami,43,1,-,-,1,-,-,-,-,-,-,-,-,10,-,-,-,-,-
2022/2023,282,F. Cavegn,42,4,-,-,-,-,-,-,-,-,-,-,-,3,-,1,-,-,-
2022/2023,283,S. Camara,37,2,-,-,-,-,-,-,-,-,-,3,2,19,2,1,-,-,-
2022/2023,284,L. Vögele,30,2,-,-,1,-,-,-,-,-,-,-,-,3,-,-,-,-,-
2022/2023,285,A. Onyegbule,29,1,-,-,-,-,-,-,-,1,-,2,-,9,-,-,-,-,-
2022/2023,286,M. Chaïbi,20,2,-,-,2,-,-,-,-,-,-,2,-,3,-,-,-,-,-
2022/2023,287,N. De Queiroz,20,1,1,-,1,1,-,-,-,-,-,1,1,4,-,-,-,-,-
2022/2023,288,F. Hoxha,18,2,-,-,-,-,-,-,-,-,-,1,-,6,-,-,-,-,-
2022/2023,289,N. Rupp,17,1,-,-,-,-,-,-,-,-,1,1,-,5,-,-,-,-,-
2022/2023,290,José Aguilar,12,2,-,-,-,-,2,-,-,1,-,1,-,2,-,-,-,-,-
2022/2023,291,G. Pepsi,11,1,-,-,-,-,-,-,-,-,-,1,-,6,-,1,-,-,-
2022/2023,292,A. Akalé,9,1,-,-,-,-,-,-,-,-,-,-,-,1,-,-,-,-,-
2022/2023,293,M. Stevanović,9,1,-,-,-,-,-,-,-,-,1,1,-,6,-,-,-,-,-
2022/2023,294,I. Kaloga,9,1,-,-,-,-,-,-,-,-,-,2,-,12,-,-,-,-,-
2022/2023,295,D. Afriyie,8,2,-,-,-,-,2,-,-,-,-,-,-,2,-,-,-,-,-
2022/2023,296,B. Souare,2,2,-,-,-,-,-,-,-,-,-,-,-,1,-,-,-,-,-
2022/2023,297,N. Blasucci,2,2,-,-,-,-,-,-,-,-,-,-,-,-,-,-,-,-,-
2022/2023,298,R. Guzzo,1,1,-,-,-,-,-,-,-,-,-,-,-,-,-,-,-,-,-
2022/2023,299,G. Richard,1,1,-,-,-,-,1,-,-,-,-,-,-,1,-,-,-,-,-
2022/2023,300,A. Casciato,1,1,-,-,-,-,-,-,-,-,-,-,-,1,-,-,-,-,-
2022/2023,301,J. Angstmann,1,1,-,-,-,-,-,-,-,-,-,-,-,-,-,-,-,-,-
2021/2022,1,H. Lindner,3240,36,-,-,-,-,-,-,-,-,3,8,5,952,-,1,-,12,121
2021/2022,2,L. Zigi,3240,36,-,-,-,-,-,-,2,1,4,18,14,646,-,1,-,8,115
2021/2022,3,André Moreira,3150,35,-,-,-,-,1,-,3,-,3,11,9,782,-,-,-,4,122
2021/2022,4,M. Burch,3060,34,3,1,24,7,29,-,6,30,43,166,63,1384,-,54,1,5,-
2021/2022,5,Y. Brecher,3060,34,-,-,-,-,-,-,-,1,1,7,4,622,-,1,-,10,111
2021/2022,6,J. Sabbatini,3041,35,4,2,36,11,53,-,7,51,39,201,54,1279,5,60,1,6,-
2021/2022,7,M. Stevanović,3038,34,4,17,67,16,24,-,2,21,46,197,77,869,38,17,16,6,-
2021/2022,8,O. Doumbia,2961,35,-,5,29,2,44,-,4,72,43,236,51,947,1,63,1,8,-
2021/2022,9,A. Pelmard,2944,33,-,-,2,-,24,-,6,28,11,86,19,1724,2,39,-,11,-
2021/2022,10,J. Frick,2923,33,-,-,-,-,3,1,3,-,6,13,6,631,-,-,-,5,97
2021/2022,11,N. Lavanchy,2906,34,3,5,29,9,34,-,7,37,21,110,12,1038,15,48,6,5,-
2021/2022,12,R. Ziegler,2895,33,4,1,18,9,28,-,4,23,13,92,44,1410,45,32,4,7,-
2021/2022,13,Adrián Guerrero,2891,34,4,8,45,14,23,-,5,34,29,110,13,762,67,27,2,7,-
2021/2022,14,F. Aliti,2864,33,2,1,18,6,32,-,8,31,37,153,60,984,2,72,-,10,-
2021/2022,15,F. Ugrinic,2860,34,8,7,90,26,47,-,9,25,62,165,15,1072,41,27,4,3,-
2021/2022,16,M. Kryeziu,2817,32,3,-,36,10,22,-,10,29,7,135,78,1198,-,38,2,10,-
2021/2022,17,C. Herc,2771,34,3,4,51,14,53,1,7,48,37,158,38,1002,26,35,-,2,-
2021/2022,18,F. Frei,2769,34,3,1,25,8,27,-,9,21,8,90,29,1549,3,43,3,9,-
2021/2022,19,S. Kukuruzović,2756,33,8,3,50,13,15,-,4,16,22,102,13,1182,26,41,-,-,-
2021/2022,20,S. Lovrić,2708,33,4,6,58,16,42,-,4,30,53,155,8,1370,25,39,-,1,-
2021/2022,21,A. Arigoni,2692,34,2,3,16,5,30,-,6,25,19,120,55,1082,14,41,1,4,-
2021/2022,22,H. Kawabe,2676,34,7,2,42,13,52,-,6,24,40,125,29,724,9,27,5,2,-
2021/2022,23,F. Stojilković,2661,35,11,3,71,33,37,-,4,6,37,92,18,316,1,3,25,2,-
2021/2022,24,V. Sasso,2641,30,1,-,15,3,23,1,12,26,22,97,33,1117,1,57,1,6,-
2021/2022,25,K. Fickentscher,2610,29,-,-,-,-,1,-,3,-,5,12,6,618,-,-,-,6,100
2021/2022,26,Marquinhos Cipriano,2597,32,-,2,11,7,19,1,5,34,27,115,14,766,12,47,3,5,-
2021/2022,27,Z. Amdouni,2575,34,12,-,76,32,24,-,5,15,35,178,46,581,1,7,7,1,-
2021/2022,28,L. Görtler,2573,30,5,9,48,12,31,-,12,50,60,214,31,905,23,47,-,6,-
2021/2022,29,G. Clichy,2567,29,-,1,21,1,21,1,5,35,17,120,25,1304,29,65,1,2,-
2021/2022,30,F. Daprelà,2533,29,-,-,12,6,34,-,9,26,31,126,51,1012,-,42,1,5,-
2021/2022,31,A. Grgic,2524,30,7,6,31,13,40,-,8,26,30,115,20,1122,47,27,-,7,-
2021/2022,32,B. Ndoye,2484,31,2,-,13,5,20,-,5,31,11,161,82,840,-,47,1,7,-
2021/2022,33,D. Cavaré,2465,31,5,1,29,12,34,-,7,44,18,182,57,710,15,28,1,6,-
2021/2022,34,A. Ceesay,2464,33,20,10,77,38,33,-,9,16,47,182,84,325,4,4,22,1,-
2021/2022,35,B. Bolla,2449,30,4,2,34,12,37,-,4,31,17,104,14,760,16,33,4,4,-
2021/2022,36,L. Stergiou,2430,27,-,-,5,1,9,-,1,34,10,103,37,847,-,71,-,7,-
2021/2022,37,M. Diaw,2430,27,-,-,-,-,-,-,4,-,2,14,8,601,-,-,-,2,99
2021/2022,38,N. Boranijašević,2423,30,4,2,35,11,32,-,5,34,24,143,26,631,12,42,1,6,-
2021/2022,39,A. Marchesano,2367,33,13,6,76,32,40,-,4,35,44,123,13,776,26,25,9,1,-
2021/2022,40,O. Custodio,2357,33,1,1,27,6,43,-,13,21,26,106,31,935,11,22,1,3,-
2021/2022,41,T. Cognat,2355,30,5,1,36,18,21,-,1,22,11,122,17,813,13,33,3,2,-
2021/2022,42,M. Müller,2340,26,-,-,-,-,-,-,2,1,1,9,6,601,-,2,-,4,82
2021/2022,43,D. Schmid,2317,32,1,5,28,9,37,-,4,24,18,97,27,696,26,57,1,1,-
2021/2022,44,J. Siebatcheu,2311,32,22,3,99,35,41,-,1,15,27,133,77,334,1,8,10,1,-
2021/2022,45,B. Omeragić,2308,27,-,1,14,6,16,-,4,24,24,114,36,885,-,43,-,6,-
2021/2022,46,M. Schulz,2293,30,3,1,30,11,32,2,9,34,13,108,12,692,3,28,1,3,-
2021/2022,47,B. Fazliji,2283,29,2,-,31,8,26,1,5,25,11,103,35,916,-,39,-,4,-
2021/2022,48,C. Gentner,2232,34,-,1,41,10,21,-,2,31,30,114,13,991,14,39,1,1,-
2021/2022,49,L. Zuffi,2224,29,1,2,14,3,16,-,-,16,14,62,9,763,3,19,-,4,-
2021/2022,50,S. Lauper,2174,27,-,-,26,4,17,-,7,25,16,111,32,1319,2,51,1,5,-
2021/2022,51,N. Ngamaleu,2143,31,4,5,72,17,32,-,6,26,46,217,32,626,27,20,5,2,-
2021/2022,52,Baltazar Costa,2131,25,1,2,23,6,47,2,6,21,36,103,15,493,2,20,3,6,-
2021/2022,53,T. Valls,2126,32,1,2,38,9,17,-,2,20,26,98,29,969,47,24,2,2,-
2021/2022,54,H. Mahou,2117,34,2,3,34,14,45,1,6,22,58,169,19,615,14,22,-,-,-
2021/2022,55,M. Frýdek,2107,25,-,2,23,4,24,-,2,47,26,135,26,821,33,27,-,4,-
2021/2022,56,M. Bottani,2103,30,5,6,59,16,33,-,6,19,37,156,16,664,20,11,9,1,-
2021/2022,57,Ž. Celar,2101,29,10,2,62,26,27,-,3,1,31,70,26,268,1,2,27,-,-
2021/2022,58,D. Ndoye,2093,29,2,4,55,14,25,-,5,18,54,144,17,441,9,8,7,1,-
2021/2022,59,L. Millar,2022,31,7,1,46,17,21,-,2,25,30,152,13,668,18,8,5,3,-
2021/2022,60,A. Husic,2003,23,1,1,6,2,32,-,8,36,6,82,14,804,3,28,-,1,-
2021/2022,61,J. Bamert,1998,23,1,1,9,1,19,-,7,16,17,95,46,725,-,52,2,5,-
2021/2022,62,M. Elia,1993,30,8,4,59,23,23,1,2,11,29,114,13,420,7,6,21,1,-
2021/2022,63,K. Imeri,1980,26,11,-,73,27,28,1,4,13,50,134,17,622,36,18,2,-,-
2021/2022,64,A. Saipi,1977,22,-,-,-,-,1,1,3,-,-,4,4,450,-,-,-,4,72
2021/2022,65,Víctor Ruiz,1973,29,5,8,43,20,26,-,3,32,21,98,7,648,38,25,3,-,-
2021/2022,66,K. Duah,1973,33,15,1,95,39,20,-,2,2,17,63,22,267,2,2,14,-,-
2021/2022,67,A. Zohouri,1918,24,-,2,5,1,37,-,7,12,8,79,28,749,8,40,-,1,-
2021/2022,68,U. Garcia,1912,27,2,4,37,14,27,1,4,18,24,118,25,776,46,32,2,3,-
2021/2022,69,Sergio López,1902,29,2,1,7,4,9,-,4,12,10,71,6,884,21,15,3,2,-
2021/2022,70,D. Sorgić,1896,30,7,-,32,19,22,-,4,23,41,99,7,329,1,5,12,-,-
2021/2022,71,Elton Monteiro,1893,23,1,-,4,1,16,-,4,20,5,72,38,611,-,20,-,1,-
2021/2022,72,D. Douline,1886,28,-,-,20,3,41,1,5,37,26,160,45,663,1,66,-,5,-
2021/2022,73,N. Loosli,1881,24,1,-,7,3,16,1,5,26,8,94,43,816,-,34,-,1,-
2021/2022,74,D. von Ballmoos,1852,21,-,-,-,-,1,-,1,-,2,5,2,492,-,-,-,2,54
2021/2022,75,Wesley Gasolina,1800,25,3,1,29,12,35,-,7,26,77,169,10,517,9,18,3,4,-
2021/2022,76,P. Kasami,1772,33,4,3,61,21,46,1,5,32,32,133,45,716,5,23,1,2,-
2021/2022,77,S. Rouiller,1767,23,3,-,19,7,23,-,3,20,16,89,43,868,-,42,-,1,-
2021/2022,78,N. Vouilloz,1729,23,1,-,11,2,17,-,4,21,17,80,25,646,-,37,-,5,-
2021/2022,79,F. Rieder,1727,30,2,7,40,14,34,-,4,36,24,121,9,528,44,18,2,2,-
2021/2022,80,T. Xhaka,1715,25,1,-,3,1,34,-,9,27,31,97,19,829,-,23,1,2,-
2021/2022,81,V. Sierro,1711,33,4,-,32,12,32,-,7,24,25,123,38,842,24,23,-,-,-
2021/2022,82,B. Džemaili,1699,26,1,3,27,6,24,-,6,23,61,141,16,623,6,24,-,-,-
2021/2022,83,M. Diallo,1698,30,-,1,13,3,15,1,4,19,26,103,18,594,8,31,1,4,-
2021/2022,84,G. Margreitter,1689,20,4,-,14,7,14,-,6,10,19,90,50,806,1,24,1,2,-
2021/2022,85,S. Grippo,1683,19,-,-,9,1,13,-,4,15,12,85,47,714,1,22,1,1,-
2021/2022,86,K. Hajrizi,1676,30,1,1,9,3,35,-,8,23,29,108,44,615,3,32,1,1,-
2021/2022,87,Jordi Quintillà,1654,23,2,1,18,3,30,1,4,20,24,93,24,857,7,31,-,3,-
2021/2022,88,E. Lenjani,1647,29,-,8,21,2,21,-,4,5,16,74,28,394,34,10,1,-,-
2021/2022,89,R. Rodelin,1642,33,4,4,51,13,13,-,3,12,14,108,52,551,10,4,5,-,-
2021/2022,90,W. Burger,1634,26,-,1,14,6,27,1,5,32,20,119,36,880,3,28,-,5,-
2021/2022,91,J. Guillemenot,1625,31,9,4,52,21,40,1,8,15,44,97,21,252,6,4,10,1,-
2021/2022,92,C. Zesiger,1614,20,-,-,12,4,24,-,8,20,13,101,56,722,-,36,-,2,-
2021/2022,93,I. Schmidt,1613,25,1,2,13,3,15,-,4,29,10,126,24,575,4,30,2,4,-
2021/2022,94,Léo Bonatini,1609,26,7,3,46,17,17,-,2,6,16,62,17,335,4,11,4,-,-
2021/2022,95,N. Saintini,1593,20,-,-,7,-,17,-,5,21,5,68,28,474,-,31,-,3,-
2021/2022,96,W. Kanga,1583,31,12,4,66,32,16,-,2,2,16,75,51,197,1,1,10,2,-
2021/2022,97,F. Chafik,1578,25,-,1,2,-,15,1,4,24,9,65,18,524,12,25,1,1,-
2021/2022,98,S. Campo,1555,23,1,4,32,7,9,-,2,18,23,77,5,641,24,3,-,1,-
2021/2022,99,Itaitinga,1530,24,3,2,33,16,22,-,3,20,34,181,66,300,4,8,7,-,-
2021/2022,100,Q. Maceiras,1501,24,-,1,11,3,24,1,4,26,16,95,15,525,16,20,-,3,-
2021/2022,101,M. Facchinetti,1496,26,2,1,13,2,11,-,1,24,10,80,34,417,17,20,1,3,-
2021/2022,102,V. Stocker,1484,27,6,4,39,16,20,-,5,14,27,77,9,365,18,6,3,1,-
2021/2022,103,Arthur Cabral,1482,18,14,4,75,34,20,-,3,6,26,103,51,222,1,1,3,2,-
2021/2022,104,I. Ndiaye,1471,31,6,1,44,13,18,-,4,4,13,90,43,226,9,7,11,-,-
2021/2022,105,M. Camara,1466,22,2,-,9,3,25,-,6,17,3,71,31,746,-,27,-,-,-
2021/2022,106,S. Esposito,1464,23,6,5,63,16,17,1,1,20,50,112,14,377,24,12,13,1,-
2021/2022,107,A. Jashari,1448,17,1,3,17,4,16,-,5,17,19,76,6,536,3,28,-,3,-
2021/2022,108,M. Marić,1448,21,1,-,7,2,8,-,4,6,6,49,33,652,-,23,1,5,-
2021/2022,109,M. Dräger,1446,17,3,7,35,4,14,-,3,23,29,104,8,522,7,17,-,3,-
2021/2022,110,F. Lustenberger,1444,21,-,-,6,1,5,-,4,18,31,77,16,872,1,27,-,2,-
2021/2022,111,D. Simani,1440,16,-,-,8,3,11,-,5,13,13,68,33,657,-,23,-,3,-
2021/2022,112,T. Suzuki,1437,23,-,1,5,3,25,-,8,15,31,89,5,439,3,18,1,-,-
2021/2022,113,K. Bua,1426,25,1,2,32,11,23,-,2,14,40,87,4,322,3,7,8,1,-
2021/2022,114,T. Coyle,1410,27,1,1,21,5,12,-,4,12,35,92,5,286,6,14,3,2,-
2021/2022,115,Euclides Cabral,1400,23,-,1,8,3,32,1,2,29,15,90,13,332,4,38,1,4,-
2021/2022,116,Toti Gomes,1378,16,1,-,8,3,16,-,4,13,13,76,36,687,1,32,-,2,-
2021/2022,117,T. Thomas,1342,20,-,-,18,5,22,1,5,20,15,58,1,473,3,19,-,1,-
2021/2022,118,B. Céspedes,1340,22,1,1,14,2,20,-,6,16,10,74,27,571,1,21,-,-,-
2021/2022,119,B. Stillhart,1339,25,-,-,17,3,14,1,4,11,13,76,43,535,1,37,1,2,-
2021/2022,120,A. Trébel,1333,15,-,2,8,2,18,1,2,22,14,84,8,710,17,43,-,1,-
2021/2022,121,S. Sidler,1314,23,3,-,25,10,13,-,2,13,4,51,22,429,7,25,-,1,-
2021/2022,122,F. Momoh,1305,25,4,2,35,13,32,-,2,5,12,80,33,197,4,3,10,-,-
2021/2022,123,É. Youan,1302,18,6,3,36,16,16,1,3,12,18,106,36,367,4,10,5,1,-
2021/2022,124,W. Gnonto,1295,33,8,1,45,21,23,-,8,10,51,109,13,282,4,1,3,-,-
2021/2022,125,Tomás Tavares,1259,18,1,1,7,4,18,-,4,15,8,48,9,795,5,20,1,5,-
2021/2022,126,C. Fassnacht,1254,18,11,4,45,19,18,-,2,13,6,69,29,307,9,16,5,2,-
2021/2022,127,B. Krasniqi,1240,23,-,3,12,3,16,1,5,16,17,70,8,375,1,11,1,-,-
2021/2022,128,Cameron Puertas,1224,16,2,1,40,12,33,1,4,18,39,98,5,398,13,15,-,1,-
2021/2022,129,M. Maglica,1190,16,1,-,9,3,11,-,4,16,5,85,52,421,-,29,-,5,-
2021/2022,130,J. Lefort,1186,20,-,-,8,1,10,-,2,9,7,58,28,505,21,27,1,1,-
2021/2022,131,A. Antunes,1185,30,3,2,24,10,18,-,3,15,23,92,11,382,6,19,1,-,-
2021/2022,132,G. Kyei,1181,16,6,1,45,18,26,-,4,6,16,64,13,207,1,6,7,-,-
2021/2022,133,D. Males,1159,28,3,4,21,9,16,-,-,13,20,50,5,333,3,6,4,1,-
2021/2022,134,P. Sutter,1158,20,2,-,8,2,12,1,3,22,11,62,12,320,5,26,1,3,-
2021/2022,135,F. Mambimbi,1155,25,3,6,31,10,17,-,3,11,17,65,9,207,3,6,6,1,-
2021/2022,136,S. Hefti,1110,17,1,2,12,5,5,-,-,11,7,58,5,434,17,17,-,3,-
2021/2022,137,J. Wehrmann,1101,17,1,-,17,4,16,-,4,15,11,53,6,361,2,11,1,-,-
2021/2022,138,A. Seko,1096,13,-,-,3,2,14,-,2,12,8,43,17,441,1,26,-,1,-
2021/2022,139,M. Lang,1087,26,4,1,11,7,18,-,4,7,14,44,14,418,4,12,2,1,-
2021/2022,140,M. Aebischer,1069,15,2,3,31,9,11,-,4,8,23,50,6,530,23,12,-,1,-
2021/2022,141,K. Rüegg,1066,16,-,2,2,1,12,-,3,7,8,47,7,397,2,11,-,1,-
2021/2022,142,N. Katterbach,1063,15,1,1,8,1,10,-,2,14,14,79,23,507,5,14,-,5,-
2021/2022,143,O. Diakité,1042,13,2,-,10,2,8,-,-,26,26,102,21,359,-,25,-,-,-
2021/2022,144,A. Besio,1035,29,1,2,25,7,21,-,6,12,6,38,9,192,3,5,1,-,-
2021/2022,145,C. Martins,1024,15,-,-,15,5,25,2,2,22,17,84,29,468,1,16,-,1,-
2021/2022,146,R. Petretta,1016,13,1,1,2,1,12,-,4,22,18,77,16,442,9,24,-,2,-
2021/2022,147,N. Čumić,1014,24,4,2,27,13,11,1,3,4,12,57,13,174,4,6,8,-,-
2021/2022,148,B. Ouattara,1013,31,4,-,29,17,20,-,3,12,29,70,10,158,-,5,12,-,-
2021/2022,149,J. von Moos,1011,15,4,4,15,8,10,-,1,19,5,52,3,160,1,2,2,-,-
2021/2022,150,F. Schubert,1003,27,4,2,50,16,11,-,2,3,8,34,19,104,1,1,5,-,-
2021/2022,151,L. Benito,1003,13,-,-,3,1,14,-,4,8,4,32,12,465,4,22,-,2,-
2021/2022,152,A. Sanches,1000,19,1,1,16,5,18,-,2,8,33,65,3,304,1,16,3,-,-
2021/2022,153,A. Schalk,1000,21,3,-,32,10,16,-,-,8,9,43,6,199,1,8,7,-,-
2021/2022,154,P. Pušić,989,16,1,3,25,9,21,-,3,10,9,46,2,310,10,4,-,-,-
2021/2022,155,H. Badstuber,985,14,-,-,4,1,4,-,-,8,3,47,28,525,-,17,-,1,-
2021/2022,156,M. Palacios,984,22,1,3,14,1,5,-,4,10,15,52,4,684,21,13,1,1,-
2021/2022,157,J. N'Guessan,972,23,-,1,8,3,23,1,2,8,24,65,5,318,3,7,-,-,-
2021/2022,158,A. Abrashi,966,19,-,1,2,1,25,1,5,14,16,55,10,387,-,10,-,-,-
2021/2022,159,A. Tosin,944,22,6,4,21,9,7,-,-,3,12,38,9,136,3,3,9,-,-
2021/2022,160,B. Kramer,933,23,4,2,26,16,32,-,5,10,26,88,39,132,-,1,6,2,-
2021/2022,161,L. Kamberi,904,13,1,-,5,3,16,-,3,7,4,36,17,291,-,14,-,2,-
2021/2022,162,E. Fernandes,904,14,2,3,20,6,17,-,3,9,11,40,7,312,13,14,-,-,-
2021/2022,163,V. Vasić,900,10,-,-,-,-,-,-,1,-,1,4,2,346,-,-,-,1,41
2021/2022,164,M. Poundjé,900,13,-,-,1,-,13,-,5,12,8,51,17,370,1,22,-,-,-
2021/2022,165,B. Traorè,895,13,-,1,5,3,13,-,1,20,9,68,8,237,7,12,1,-,-
2021/2022,166,S. Grether,878,13,-,-,3,-,12,-,2,17,14,56,10,282,6,7,-,-,-
2021/2022,167,M. Amoura,873,23,5,-,37,14,12,-,1,10,6,65,14,171,2,2,7,-,-
2021/2022,168,V. Tasar,868,23,1,-,30,13,20,1,4,11,11,50,4,176,5,4,1,-,-
2021/2022,169,D. Diani,833,15,2,-,4,4,16,-,4,20,11,69,18,326,-,16,1,-,-
2021/2022,170,M. Kempter,830,12,1,-,6,1,12,-,-,16,16,57,10,228,4,14,-,-,-
2021/2022,171,L. Blum,825,16,-,1,10,1,9,-,-,10,10,47,9,279,12,8,-,-,-
2021/2022,172,M. Kvasina,819,14,2,1,33,16,7,-,1,1,6,49,33,148,3,1,2,2,-
2021/2022,173,T. Castella,810,9,-,-,-,-,1,-,1,-,1,4,3,159,-,-,-,-,33
2021/2022,174,N. Lüchinger,806,10,2,1,3,2,10,-,3,9,-,28,11,228,8,8,1,-,-
2021/2022,175,C. Bedia,785,14,3,-,31,9,27,-,3,5,15,51,19,83,-,1,2,-,-
2021/2022,176,Y. Severin,780,18,-,-,-,-,10,-,2,11,2,26,8,263,-,13,-,1,-
2021/2022,177,Á. Szalai,769,12,4,1,18,11,8,-,-,2,12,38,19,126,1,1,6,3,-
2021/2022,178,M. Tosetti,766,18,-,-,12,3,9,-,-,5,17,43,15,144,14,6,1,-,-
2021/2022,179,A. Ćorić,761,21,1,1,23,9,10,-,4,6,6,23,4,257,19,6,-,-,-
2021/2022,180,A. Sauthier,760,12,1,-,4,1,11,-,4,17,10,46,10,408,2,15,-,-,-
2021/2022,181,K. Sow,753,13,-,-,4,-,12,-,5,8,8,36,11,264,1,19,-,-,-
2021/2022,182,G. Faivre,752,9,-,-,-,-,-,-,-,-,-,1,1,192,-,-,-,1,17
2021/2022,183,B. Toma,744,16,1,1,15,6,16,-,1,3,7,27,1,339,2,6,1,-,-
2021/2022,184,E. Cömert,725,9,1,-,7,3,8,1,1,10,2,37,20,418,-,22,-,1,-
2021/2022,185,M. Valenzuela,725,12,-,1,5,-,7,-,-,11,4,40,7,267,4,8,-,-,-
2021/2022,186,S. Osigwe,721,9,-,-,-,-,-,-,1,-,1,2,2,141,-,-,-,1,26
2021/2022,187,K. Mets,706,12,1,-,9,3,7,-,2,5,4,26,11,317,-,15,-,1,-
2021/2022,188,G. Morandi,699,12,2,1,17,6,8,-,-,6,13,50,10,145,6,1,1,-,-
2021/2022,189,F. Chalov,693,14,4,2,21,8,7,-,2,5,6,35,8,141,1,3,1,-,-
2021/2022,190,M. Nuhu,692,9,-,-,7,1,8,-,3,6,3,48,25,215,-,22,-,1,-
2021/2022,191,S. Alakouch,691,11,-,1,5,2,13,-,4,12,18,45,2,279,3,16,-,-,-
2021/2022,192,M. Bauer,689,15,-,1,1,-,8,-,1,7,8,27,7,176,6,6,-,-,-
2021/2022,193,M. Haile-Selassie,673,17,2,2,13,6,6,-,-,8,15,38,2,167,2,6,3,-,-
2021/2022,194,F. Rohner,671,20,1,-,15,6,9,-,1,8,6,35,9,155,8,12,-,-,-
2021/2022,195,S. Dié,661,10,-,2,9,1,11,-,4,5,9,35,7,207,4,6,-,-,-
2021/2022,196,Yuri,640,21,-,1,5,4,13,-,3,13,12,50,10,264,5,4,-,-,-
2021/2022,197,L. Koné,630,7,-,-,4,-,3,-,1,4,8,28,16,274,-,10,-,1,-
2021/2022,198,T. Fayulu,630,7,-,-,-,-,1,-,1,-,1,4,3,154,-,-,-,1,20
2021/2022,199,L. Campana,602,14,3,-,19,4,13,-,1,1,11,40,20,86,-,-,4,-,-
2021/2022,200,G. Berardi,598,9,-,-,-,-,4,-,2,10,2,24,9,180,2,12,-,-,-
2021/2022,201,S. Pavlović,585,10,-,-,5,1,9,-,3,7,10,44,19,368,-,19,-,3,-
2021/2022,202,L. Emini,555,15,1,1,10,4,9,-,3,7,10,35,7,328,3,6,-,-,-
2021/2022,203,N. Baumann,540,6,-,-,-,-,-,-,-,-,-,2,1,107,-,-,-,2,14
2021/2022,204,C. Niasse,516,10,1,-,6,2,9,-,4,6,11,45,14,238,-,20,-,-,-
2021/2022,205,Bruno Jordão,498,12,-,1,5,-,16,-,5,9,5,38,10,158,5,6,-,-,-
2021/2022,206,M. Hornschuh,497,24,-,-,4,1,7,-,-,10,2,35,16,160,-,10,-,-,-
2021/2022,207,G. Sio,496,9,1,1,12,1,13,-,4,4,9,43,22,128,1,2,2,1,-
2021/2022,208,M. Sulejmani,494,16,1,5,13,3,8,-,1,7,4,22,4,118,13,2,6,-,-
2021/2022,209,E. Zhegrova,490,8,2,5,15,8,3,-,-,5,6,35,1,119,10,3,4,-,-
2021/2022,210,M. Leitner,485,9,-,-,2,1,5,-,2,6,6,24,5,224,2,5,-,-,-
2021/2022,211,I. Aliseda,477,13,2,-,12,5,2,-,-,2,5,20,2,150,-,-,1,-,-
2021/2022,212,G. Karlen,476,21,2,1,15,4,11,-,2,1,11,23,6,77,1,2,5,-,-
2021/2022,213,P. Schürpf,467,13,2,-,14,6,9,-,3,5,7,32,13,108,1,5,7,-,-
2021/2022,214,M. Araz,461,11,-,-,4,-,6,-,-,13,4,29,8,144,1,12,-,-,-
2021/2022,215,P. Farkas,451,7,-,-,2,1,4,-,3,8,3,20,2,121,4,6,2,-,-
2021/2022,216,A. Racioppi,450,5,-,-,-,-,-,-,-,-,1,2,1,116,-,-,-,1,9
2021/2022,217,A. Gogia,447,15,3,-,10,3,11,-,1,7,8,32,5,101,4,4,2,-,-
2021/2022,218,N. Djiga,444,6,-,-,-,-,3,-,-,3,-,10,3,128,-,6,-,2,-
2021/2022,219,G. Koyalipou,419,10,1,-,9,4,1,-,-,2,4,20,7,72,2,4,3,-,-
2021/2022,220,Nuno da Silva,411,19,-,-,12,5,6,-,3,2,11,25,-,66,2,1,4,-,-
2021/2022,221,L. Münst,374,8,-,-,2,-,6,-,1,3,8,19,8,104,6,12,-,-,-
2021/2022,222,G. Hoarau,367,8,3,-,12,6,4,-,-,-,4,40,33,43,-,-,2,-,-
2021/2022,223,D. Oberlin,362,20,2,1,11,3,10,-,1,5,3,25,6,70,-,-,1,-,-
2021/2022,224,S. Guidotti,353,12,-,-,2,-,13,-,-,9,2,26,7,128,-,3,-,-,-
2021/2022,225,S. Diarrassouba,339,9,-,-,1,-,5,-,-,3,6,20,2,127,1,-,-,-,-
2021/2022,226,N. Bürgy,336,6,-,-,-,-,4,-,1,1,2,10,5,232,-,6,-,-,-
2021/2022,227,K. Keïta,335,6,-,-,3,-,6,-,1,3,5,21,5,112,-,1,-,-,-
2021/2022,228,A. Kabashi,334,7,-,-,2,-,3,-,2,5,3,21,9,109,-,12,-,1,-
2021/2022,229,Tomás Ribeiro,323,4,-,-,2,-,1,-,1,-,2,6,3,148,-,6,-,-,-
2021/2022,230,J. Schmied,321,6,-,-,1,-,4,-,1,3,-,15,8,103,-,6,2,-,-
2021/2022,231,E. Omeragic,315,4,-,-,-,-,-,-,-,-,-,2,1,66,-,-,-,1,16
2021/2022,232,S. Seiler,313,9,-,1,5,-,6,-,-,9,7,28,4,106,1,8,-,-,-
2021/2022,233,M. George,313,11,-,-,3,-,4,-,1,-,5,23,17,34,-,-,3,-,-
2021/2022,234,S. Demhasaj,304,13,-,1,8,2,7,-,1,3,-,15,5,30,-,1,1,-,-
2021/2022,235,V. Behrami,298,4,-,-,1,1,5,-,2,7,4,18,3,80,1,2,-,-,-
2021/2022,236,Li Lei,293,7,-,1,2,-,4,-,1,3,3,18,8,131,2,6,-,-,-
2021/2022,237,Joelson Fernandes,272,18,-,2,8,1,3,-,1,3,6,16,1,82,8,-,-,-,-
2021/2022,238,H. Mahmoud,266,11,1,-,6,2,10,1,1,9,3,26,1,97,1,3,-,-,-
2021/2022,239,B. Babic,256,8,1,1,9,3,5,-,-,2,1,11,3,43,-,-,1,-,-
2021/2022,240,G. Barès,252,14,-,1,4,-,7,-,2,2,1,9,3,171,2,1,-,-,-
2021/2022,241,B. Riascos,245,8,1,-,10,3,5,-,1,2,4,23,10,54,1,-,3,-,-
2021/2022,242,D. Domgjoni,242,6,-,1,2,1,4,-,1,4,-,13,6,146,2,7,-,-,-
2021/2022,243,T. Ndenge,235,6,-,-,4,1,2,-,-,-,2,4,1,100,-,1,-,-,-
2021/2022,244,J. Monteiro,225,9,1,-,4,3,3,-,-,3,6,27,10,34,-,2,1,-,-
2021/2022,245,A. Brown,223,4,-,-,-,-,5,-,-,3,2,10,2,48,-,6,-,-,-
2021/2022,246,F. Hoxha,216,6,-,-,1,-,1,-,1,3,-,9,1,53,-,2,-,-,-
2021/2022,247,Y. Alounga,210,12,-,-,5,3,4,-,1,3,2,9,3,30,-,-,1,-,-
2021/2022,248,S. Theler,207,5,-,-,-,-,5,-,-,1,3,6,2,57,2,4,-,-,-
2021/2022,249,A. Amenda,202,4,-,-,-,-,4,-,1,2,2,9,5,110,-,1,-,-,-
2021/2022,250,M. Nanizayamo,190,4,-,-,1,-,1,-,1,1,-,4,2,104,-,4,-,-,-
2021/2022,251,S. Wallner,185,5,-,-,3,1,-,-,-,5,6,20,5,36,1,2,-,-,-
2021/2022,252,Ž. Kostadinović,180,2,-,-,-,-,-,-,1,-,-,-,-,33,-,-,-,-,7
2021/2022,253,M. Jenz,180,2,-,-,-,-,1,-,-,3,-,9,3,125,-,3,-,-,-
2021/2022,254,L. Zbinden,180,2,-,-,-,-,-,-,-,-,1,1,-,47,-,-,-,1,1
2021/2022,255,L. Lacroix,180,2,-,-,2,-,2,-,1,-,1,10,4,83,-,7,-,-,-
2021/2022,256,Jeong Sang-Bin,176,6,-,-,-,-,1,-,-,-,1,3,-,18,-,-,-,-,-
2021/2022,257,Adryan,170,8,-,-,4,1,2,-,-,3,5,22,3,76,1,-,1,-,-
2021/2022,258,N. Muci,166,9,-,-,9,3,3,-,-,-,3,13,7,32,-,1,-,-,-
2021/2022,259,A. Cvetković,145,7,-,-,3,-,1,-,-,1,-,9,8,52,-,3,-,1,-
2021/2022,260,R. Nyakossi,136,5,-,-,-,-,1,-,-,2,1,8,3,65,-,2,-,-,-
2021/2022,261,R. Alves,134,8,-,1,1,-,2,-,-,-,-,3,1,47,5,1,-,-,-
2021/2022,262,N. Rupp,133,6,-,-,1,-,2,-,-,-,1,3,-,28,-,2,-,-,-
2021/2022,263,K. Varga,127,6,-,-,2,-,3,-,1,2,1,6,2,37,-,1,-,-,-
2021/2022,264,T. Berdayes,127,8,1,-,3,3,2,-,-,-,-,8,3,16,-,2,-,-,-
2021/2022,265,L. Chipperfield,122,5,1,-,2,2,-,-,-,1,2,4,-,31,-,2,-,-,-
2021/2022,266,D. Kacuri,91,8,-,-,-,-,3,-,1,4,4,11,-,40,-,1,-,-,-
2021/2022,267,L. Jaquez,90,1,-,-,-,-,2,-,-,1,1,2,-,19,-,2,-,-,-
2021/2022,268,Diogo Carraco,90,4,-,-,1,-,3,-,-,1,2,6,1,31,-,1,-,-,-
2021/2022,269,M. Matic,90,1,-,-,-,-,-,-,-,-,-,-,-,26,-,-,-,-,2
2021/2022,270,J. Ruiz,90,1,-,-,-,-,-,-,-,1,-,3,2,25,-,-,-,-,-
2021/2022,271,Luis Phelipe,85,5,-,-,1,-,3,-,2,1,3,8,-,19,-,1,-,-,-
2021/2022,272,André Santos,83,8,-,-,1,-,3,1,-,-,3,4,-,59,-,1,-,-,-
2021/2022,273,R. Uldriķis,83,3,-,-,5,1,2,-,-,-,-,6,5,24,-,1,-,-,-
2021/2022,274,N. Zoukit,77,3,-,-,-,-,6,-,1,2,1,5,1,40,-,3,-,-,-
2021/2022,275,I. Martic,73,2,-,-,3,-,1,-,-,2,-,2,-,22,-,-,-,-,-
2021/2022,276,M. Tsoungui,63,1,-,-,-,-,-,-,-,-,-,1,-,13,-,-,-,-,-
2021/2022,277,M. Čovilo,63,2,-,-,-,-,1,-,-,1,-,6,3,16,-,2,-,-,-
2021/2022,278,N. Gjorgjev,62,6,-,-,1,-,1,-,-,2,-,5,1,18,-,1,-,-,-
2021/2022,279,S. Camara,62,3,-,-,-,-,3,-,-,3,1,7,1,27,-,3,-,-,-
2021/2022,280,T. Staubli,58,4,-,-,1,-,1,-,-,1,2,4,-,21,-,-,-,-,-
2021/2022,281,Vagner,58,3,-,-,1,-,3,-,-,-,2,4,-,18,-,-,-,-,-
2021/2022,282,D. Ba,47,3,-,-,4,1,1,-,-,-,1,4,3,15,-,-,-,-,-
2021/2022,283,S. Khelifi,45,4,-,-,3,1,-,-,-,1,1,3,1,14,-,-,1,-,-
2021/2022,284,C. Zock,45,1,-,-,-,-,1,-,-,-,1,1,-,18,-,1,-,-,-
2021/2022,285,N. Maier,34,3,-,-,2,-,2,-,-,1,1,5,2,12,-,-,-,-,-
2021/2022,286,M. Sawadogo,34,1,-,-,-,-,-,-,-,1,-,1,-,13,-,-,-,-,-
2021/2022,287,K. Monzialo,34,3,-,-,-,-,-,-,2,-,-,1,-,18,-,-,-,-,-
2021/2022,288,A. Hajdari,28,1,-,-,1,-,-,-,-,2,-,3,1,16,-,-,-,-,-
2021/2022,289,André Ribeiro,23,1,-,-,-,-,-,-,-,-,-,1,-,3,-,1,-,-,-
2021/2022,290,E. Rastoder,21,2,-,-,-,-,1,-,-,-,1,2,1,8,-,1,-,-,-
2021/2022,291,D. Iapichino,18,1,-,-,-,-,1,-,-,-,-,-,-,6,-,-,-,-,-
2021/2022,292,C. Witzig,17,2,-,-,1,-,-,-,-,-,-,-,-,11,1,-,-,-,-
2021/2022,293,M. Cinquini,16,1,-,-,-,-,1,-,-,-,-,-,-,1,-,-,-,-,-
2021/2022,294,D. Jaćović,15,1,-,-,-,-,-,-,-,-,1,1,-,5,-,-,-,-,-
2021/2022,295,Y. Toure,13,1,-,-,1,1,-,-,-,-,-,-,-,6,-,-,-,-,-
2021/2022,296,L. Ndema,12,1,-,-,-,-,-,-,-,-,-,1,1,1,-,-,-,-,-
2021/2022,297,Papu Mendes,11,3,-,-,-,-,1,-,1,-,-,2,-,6,-,-,-,-,-
2021/2022,298,S. Ottiger,9,1,-,-,-,-,-,-,-,1,-,3,-,4,-,-,-,-,-
2021/2022,299,S. Stroscio,9,1,-,-,-,-,1,-,-,1,-,1,-,2,-,-,-,-,-
2021/2022,300,Z. Josipović,9,1,-,-,-,-,-,-,-,-,1,1,-,1,-,-,-,-,-
2021/2022,301,Afimico Pululu,7,1,-,-,-,-,-,-,-,-,1,4,1,3,-,-,1,-,-
2021/2022,302,F. Fehr,7,1,-,-,-,-,-,-,-,1,-,1,-,-,-,-,-,-,-
2021/2022,303,N. Ammeter,6,1,-,-,-,-,-,-,-,-,-,-,-,2,-,-,-,-,-
2021/2022,304,F. de Carvalho,6,1,-,-,-,-,-,-,-,-,-,1,-,1,-,-,-,-,-
2021/2022,305,M. Kapo,5,1,-,-,-,-,1,-,-,1,-,1,-,4,-,-,-,-,-
2021/2022,306,A. Dias,4,1,-,-,-,-,-,-,-,-,-,-,-,-,-,-,-,-,-
2021/2022,307,J. Geissmann,2,1,-,-,-,-,-,-,-,-,-,-,-,-,-,-,-,-,-
2021/2022,308,A. Hunziker,1,1,-,-,-,-,-,-,-,-,-,-,-,2,-,-,-,-,-
2021/2022,309,S. Hodza,1,1,-,-,-,-,-,-,-,-,-,-,-,-,-,-,-,-,-
2021/2022,310,L. Srdic,1,1,-,-,-,-,-,-,-,-,-,-,-,-,-,-,-,-,-
2021/2022,311,A. Casciato,1,1,-,-,-,-,-,-,-,-,-,-,-,-,-,-,-,-,-